Usage,allocation,Usage_Portion_n,Next_Portion,users,jobs,SU_job,SU_user,Job_user
6.90999238,1.4,4.935708842857143,2.799717715,30,128027,53.97293055371133,230333.07933333333,4267.566666666667
2.4404844199999998,2.494,0.9785422694466719,1.6672998867924531,27,16609,146.937468842194,90388.31185185185,615.1481481481482
2.03758681,2.0,1.018793405,3.25614642,8,10322,197.4023260995931,254698.35125,1290.25
1.30980549,1.3,1.0075426846153845,2.3576309,7,3770,347.42851193633953,187115.07,538.5714285714286
1.24979113,1.5,0.8331940866666666,8.5806832,3,922,1355.5218329718002,416597.0433333333,307.3333333333333
1.0941338200000001,1.15,0.9514207130434784,1.9640490714285714,10,34035,32.14731364771559,109413.38200000001,3403.5
1.00552057,1.0,1.00552057,0.22472351999999998,9,149013,6.747871460879252,111724.50777777778,16557.0
0.81403577,1.0,0.81403577,1.0258304,1,188,4329.9775,814035.77,188.0
0.7251241500000001,0.65,1.1155756153846155,3.962631818181818,3,2746,264.0656045156592,241708.05000000002,915.3333333333334
0.68545062,1.0,0.68545062,1.03423726,13,49793,13.766003655132247,52726.97076923077,3830.230769230769
0.54093996,0.5,1.08187992,1.01336236,1,323,1674.7367182662538,540939.96,323.0
0.46172849,0.557,0.8289559964093356,0.588904375,3,674,685.0571068249258,153909.49666666667,224.66666666666666
0.20226016,0.55,0.3677457454545454,1.0055238,1,699,289.356452074392,202260.16,699.0
0.16976660000000002,0.5,0.33953320000000003,0.99743412,2,250,679.0664,84883.3,125.0
0.16265884,1.098,0.14814102003642987,0.1581652,4,478,340.290460251046,40664.71,119.5
0.06725171,0.14,0.48036935714285717,0.0087063125,3,5838,11.519648852346695,22417.236666666668,1946.0
0.06555064,0.06,1.0925106666666666,0.579982,4,9641,6.799153614770252,16387.66,2410.25
0.06037907,0.08,0.754738375,0.8068678666666667,3,337,179.16637982195846,20126.356666666667,112.33333333333333
0.05981442,0.2,0.2990721,1.6528928571428572,4,11561,5.173810224029063,14953.605,2890.25
0.05883821,0.066,0.8914880303030303,1.37728,9,5013,11.737125473768202,6537.578888888889,557.0
0.056171080000000005,0.054,1.0402051851851852,0.5513410204081632,8,8748,6.4210196616369455,7021.385,1093.5
0.04536221,0.305,0.14872855737704918,0.0220854,4,536,84.63098880597015,11340.5525,134.0
0.03171827,0.05,0.6343654,2.6575811999999996,6,7460,4.2517788203753355,5286.378333333333,1243.3333333333333
0.02867389,0.049,0.5851814285714285,0.1349802,7,138970,0.2063315103979276,4096.2699999999995,19852.85714285714
0.02441965,0.25,0.0976786,0.523778,8,4279,5.7068590792241185,3052.45625,534.875
0.02216866,0.05,0.44337319999999997,0.1292488,1,384,57.730885416666666,22168.66,384.0
0.009616930000000001,0.079,0.12173329113924052,0.28160389999999996,2,28756,0.334432118514397,4808.465,14378.0
0.00921665,0.06,0.15361083333333334,0.49900677777777785,1,5,1843.33,9216.65,5.0
0.0049669499999999995,0.05,0.09933899999999998,0.0341628,6,336,14.782589285714286,827.8249999999999,56.0
0.0030516,0.05,0.061031999999999996,0.018811599999999998,6,553,5.518264014466546,508.59999999999997,92.16666666666667
0.0012384400000000002,0.05,0.0247688,0.3627311,2,43,28.80093023255814,619.22,21.5
0.0006218899999999999,0.044,0.014133863636363635,0.23430299999999996,1,634,0.9808990536277602,621.89,634.0
4.843e-05,0.031,0.0015622580645161292,0.1974874193548387,1,49,0.9883673469387755,48.43,49.0
4.27583158,2.0,2.13791579,4.935708842857143,30,9039,473.0425467418962,142527.71933333334,301.3
3.49895765,3.5,0.9997021857142857,1.018793405,14,28510,122.72738162048404,249925.54642857143,2036.4285714285713
3.17067067,3.61056,0.8781658994726579,0.9785422694466719,31,29587,107.16431777469835,102279.69903225807,954.4193548387096
1.15167256,1.1,1.0469750545454544,0.9514207130434784,12,27978,41.16350561155193,95972.71333333333,2331.5
1.09683249,1.4,0.7834517785714286,1.0075426846153845,7,3691,297.16404497426174,156690.35571428572,527.2857142857143
0.9991569,1.0,0.9991569,0.10082187499999999,11,16141,61.90179666687318,90832.44545454545,1467.3636363636363
0.87149228,1.5,0.5809948533333333,1.00552057,6,209460,4.160662083452688,145248.71333333335,34910.0
0.78703265,1.0,0.78703265,0.14814102003642987,8,1414,556.6001768033947,98379.08125,176.75
0.72588899,1.0,0.72588899,1.031204411764706,5,1032,703.3808042635659,145177.798,206.4
0.60949631,0.7,0.8707090142857143,0.8289559964093356,3,274,2224.439087591241,203165.43666666668,91.33333333333333
0.5040046,1.0,0.5040046,0.1911136,3,586,860.076109215017,168001.53333333333,195.33333333333334
0.46533568,0.4,1.1633391999999998,1.1468892,4,11519,40.39722892612206,116333.92,2879.75
0.46254477,1.0,0.46254477,0.68545062,16,83742,5.523450240022928,28909.048125,5233.875
0.46202769,0.6,0.77004615,0.8331940866666666,9,2755,167.70515063520872,51336.41,306.1111111111111
0.323287,0.506,0.6389071146245059,0.48036935714285717,3,4579,70.60209652762612,107762.33333333333,1526.3333333333333
0.31448824,0.9,0.3494313777777777,1.1155756153846155,3,45543,6.905303559273653,104829.41333333333,15181.0
0.27139342,0.2895,0.9374556822107082,1.1439964666666667,2,401737,0.6755499742368763,135696.71,200868.5
0.26546397,0.4,0.6636599249999999,0.34869843333333334,1,2315,114.67126133909287,265463.97,2315.0
0.25570778,1.0,0.25570778,0.09624397272727271,3,11605,22.034276604911675,85235.92666666667,3868.3333333333335
0.25015084,1.5,0.16676722666666666,0.81403577,1,36,6948.634444444444,250150.84,36.0
0.22400944,0.5,0.44801888,0.7374254285714287,4,643,348.38171073094867,56002.36,160.75
0.20076233999999998,1.0,0.20076233999999998,0.10109719999999998,1,26243,7.650129177304424,200762.34,26243.0
0.18709371,1.069611,0.1749175260912612,0.47462099999999996,4,201,930.8144776119402,46773.4275,50.25
0.16930726999999998,0.451,0.37540414634146335,0.42275073949579833,2,223978,0.7559102679727473,84653.635,111989.0
0.13861382,0.183,0.7574525683060109,0.12173329113924052,7,6418,21.59766593954503,19801.97428571429,916.8571428571429
0.10194318,0.1,1.0194317999999998,1.1188188,3,62589,1.628771509370656,33981.06,20863.0
0.09297041,0.47,0.1978093829787234,0.03958152727272727,3,787,118.13266836086405,30990.13666666667,262.3333333333333
0.08916318,0.75,0.11888423999999999,0.5611868,5,27155,3.283490333271957,17832.636,5431.0
0.06498589,0.095,0.6840620000000001,0.5074563750000001,8,609,106.7091789819376,8123.23625,76.125
0.05918174,0.076,0.7787071052631579,0.5851814285714285,7,125051,0.4732608295815307,8454.534285714286,17864.428571428572
0.05551159,0.05,1.1102318,1.0925106666666666,5,6550,8.475051908396946,11102.318,1310.0
0.05528286,0.08,0.6910357500000001,0.754738375,6,92,600.900652173913,9213.81,15.333333333333334
0.05122642,0.05,1.0245284,0.3677457454545454,1,508,100.8394094488189,51226.42,508.0
0.0482957,0.048,1.0061604166666667,0.14422179999999998,5,22183,2.1771491682820177,9659.14,4436.6
0.04193492,0.35,0.11981405714285716,0.14872855737704918,6,7674,5.46454521761793,6989.153333333333,1279.0
0.03480945,0.03,1.160315,0.44337319999999997,1,222,156.79932432432432,34809.45,222.0
0.03425192,0.488,0.0701883606557377,0.19536538333333334,3,629,54.454562798092205,11417.306666666665,209.66666666666666
0.03336144,0.184,0.18131217391304347,0.43009539999999996,2,733,45.513560709413376,16680.72,366.5
0.033072300000000006,0.041,0.8066414634146343,0.290599,2,710015,0.046579720146757465,16536.15,355007.5
0.02842495,0.1,0.2842495,0.12286958181818182,3,13330,2.132404351087772,9474.983333333334,4443.333333333333
0.02842163,0.021,1.3534109523809523,0.8357918666666666,2,14753,1.9264983393208162,14210.815,7376.5
0.02819874,0.12,0.23498950000000002,0.0976786,13,39784,0.7087959983913131,2169.133846153846,3060.3076923076924
0.02790111,0.055,0.5072929090909091,1.0402051851851852,5,6872,4.060114959254948,5580.222,1374.4
0.02379452,0.052,0.4575869230769231,0.8914880303030303,9,3145,7.565825119236884,2643.8355555555554,349.44444444444446
0.02113971,0.024,0.8808212499999999,0.6343654,8,4539,4.657349636483807,2642.46375,567.375
0.02081761,0.2,0.10408805,1.0126832000000001,4,8845,2.3536020350480498,5204.4025,2211.25
0.01416433,0.052,0.27239096153846154,0.061031999999999996,5,385,36.79046753246753,2832.866,77.0
0.01065151,0.049,0.2173777551020408,0.014133863636363635,2,444,23.989887387387387,5325.755,222.0
0.008253479999999999,0.051,0.16183294117647057,0.09933899999999998,4,461,17.9034273318872,2063.37,115.25
0.008062729999999999,0.8,0.010078412499999998,0.22002033333333337,5,351,22.97074074074074,1612.5459999999998,70.2
0.006585199999999999,1.0,0.006585199999999999,0.33953320000000003,1,32,205.7875,6585.2,32.0
0.00588006,0.5,0.01176012,0.17124049999999996,6,232,25.345086206896553,980.0100000000001,38.666666666666664
0.005738180000000001,0.1,0.057381800000000004,0.2990721,2,3380,1.6976863905325446,2869.09,1690.0
0.00311171,0.043,0.07236534883720931,0.030201555555555558,3,160,19.4481875,1037.2366666666667,53.333333333333336
0.00021021,0.045,0.004671333333333334,0.12146422222222222,1,6,35.035000000000004,210.21,6.0
9.195e-05,0.036,0.002554166666666667,0.0183016,1,6,15.325000000000001,91.95,6.0
1.219e-05,0.049,0.00024877551020408164,0.0247688,1,17,0.7170588235294117,12.19,17.0
3.25e-06,0.045,7.222222222222222e-05,0.20370180000000002,1,1,3.25,3.25,1.0
2.02190781,1.093,1.8498699085086918,0.6910357500000001,7,2343,862.9568117797695,288843.97285714286,334.7142857142857
1.9556730500000001,3.25,0.6017455538461539,2.13791579,30,39312,49.74748295685796,65189.10166666667,1310.4
1.60423284,2.6,0.6170126307692307,0.8781658994726579,35,7644,209.86824175824177,45835.224,218.4
1.45546723,1.55,0.9390111161290322,1.0469750545454544,12,137047,10.620204966179486,121288.93583333334,11420.583333333334
1.2924073,1.6,0.8077545625,0.78703265,11,5395,239.5564967562558,117491.57272727274,490.45454545454544
1.12854603,1.5,0.75236402,0.9900533,5,375,3009.45608,225709.206,75.0
0.9789212700000001,2.0,0.48946063500000003,0.9997021857142857,17,13040,75.07064953987731,57583.60411764706,767.0588235294117
0.7481218199999999,1.11,0.6739836216216215,0.7787071052631579,18,240667,3.1085351128322536,41562.323333333334,13370.388888888889
0.7451188599999999,1.0,0.7451188599999999,0.3494313777777777,5,5193,143.48524167148085,149023.772,1038.6
0.72457528,1.5,0.4830501866666667,0.9991569,17,2038,355.53252208047104,42622.07529411765,119.88235294117646
0.692734,0.28,2.4740499999999996,0.8901713636363636,3,2217,312.46459179070814,230911.33333333334,739.0
0.6790445,0.75,0.9053926666666667,0.5040046,4,13132,51.70914559853792,169761.125,3283.0
0.65164333,0.7,0.9309190428571429,1.160315,1,238,2737.997184873949,651643.33,238.0
0.62719879,0.9,0.6968875444444445,0.5809948533333333,7,114703,5.468024288815463,89599.82714285715,16386.14285714286
0.5770014499999999,0.605,0.9537214049586775,0.1731411,6,11346,50.85505464480874,96166.90833333333,1891.0
0.49339074,0.6,0.8223179,0.46254477,13,39309,12.551597344119667,37953.13384615385,3023.769230769231
0.48679860999999996,0.9,0.5408873444444444,0.83063977,6,7455,65.29827095908786,81133.10166666667,1242.5
0.48455623999999997,0.5,0.9691124799999999,0.77004615,10,2382,203.4241141897565,48455.623999999996,238.2
0.42591271999999997,0.79,0.5391300253164556,0.7574525683060109,13,13902,30.636794705797726,32762.51692307692,1069.3846153846155
0.42057196999999996,0.453,0.9284149448123619,0.0701883606557377,2,2482,169.4488195004029,210285.985,1241.0
0.37964183,0.55,0.6902578727272727,1.4011061999999999,8,545996,0.6953198008776621,47455.22875,68249.5
0.37826455,0.5,0.7565291,1.1633391999999998,6,9486,39.87608581066835,63044.09166666667,1581.0
0.33087277000000004,0.5,0.6617455400000001,1.0061604166666667,7,89019,3.7168780822071694,47267.53857142857,12717.0
0.33062661,0.8,0.41328326249999997,0.2173777551020408,5,6244,52.95109064702114,66125.322,1248.8
0.28606957,1.141,0.2507182909728308,0.14433549999999998,2,412,694.3436165048544,143034.785,206.0
0.2592548,0.6,0.4320913333333334,0.1749175260912612,5,1520,170.5623684210526,51850.96,304.0
0.23164071,1.5,0.15442714,0.25570778,5,390,593.9505384615385,46328.142,78.0
0.21544628,0.2,1.0772313999999998,0.16676722666666666,1,70,3077.804,215446.28,70.0
0.17217578,0.36,0.47826605555555557,1.3364415384615387,8,47657,3.612811968860818,21521.9725,5957.125
0.17062478,0.4,0.42656194999999997,0.6636599249999999,1,752,226.89465425531915,170624.78,752.0
0.16392916,0.3,0.5464305333333334,0.7834517785714286,3,4705,34.841479277364506,54643.05333333334,1568.3333333333333
0.14730494,0.160775,0.9162179443321412,0.37540414634146335,5,16212,9.086167036762891,29460.988,3242.4
0.13816764,0.15,0.9211176000000001,1.0192659499999999,1,961,143.77485952133196,138167.64,961.0
0.13802968,0.5,0.27605936,1.1102318,3,1854,74.449665587918,46009.89333333333,618.0
0.12623133,0.5,0.25246266,0.08074086,3,1523,82.88334208798425,42077.11,507.6666666666667
0.12555896,0.12,1.0463246666666668,0.8707090142857143,2,47,2671.467234042553,62779.48,23.5
0.10689367,0.85,0.12575725882352942,0.72588899,8,16088,6.644310666335157,13361.70875,2011.0
0.09730575999999999,0.143,0.6804598601398602,0.16183294117647057,4,860,113.14623255813953,24326.44,215.0
0.08942621,0.093,0.9615721505376345,0.1224333,2,1016,88.01792322834646,44713.105,508.0
0.06495592,0.25,0.25982368,0.11888423999999999,4,327,198.64195718654435,16238.98,81.75
0.05898277,1.5,0.03932184666666667,1.3534109523809523,7,31319,1.8832903349404513,8426.109999999999,4474.142857142857
0.05712664,0.085,0.6720781176470587,0.7051449999999999,7,3706,15.414635725849973,8160.948571428571,529.4285714285714
0.045250120000000005,0.061,0.7418052459016394,0.6227499354838709,2,870,52.01163218390805,22625.06,435.0
0.03392878,0.057,0.5952417543859648,0.5072929090909091,6,5669,5.98496736637855,5654.796666666666,944.8333333333334
0.03278354,0.053,0.618557358490566,0.5320174,4,859,38.16477299185099,8195.885,214.75
0.02933014,0.47,0.06240455319148937,0.1978093829787234,5,3145,9.3259586645469,5866.028,629.0
0.02886646,0.061,0.47322065573770494,1.0245284,1,189,152.7325925925926,28866.46,189.0
0.027329759999999998,0.5,0.054659519999999996,0.021382609523809524,5,8888,3.074905490549055,5465.951999999999,1777.6
0.025400990000000002,0.076,0.334223552631579,0.2842495,3,1117,22.740367054610566,8466.996666666668,372.3333333333333
0.02382008,0.031,0.7683896774193548,0.6840620000000001,5,301,79.13647840531561,4764.0160000000005,60.2
0.023393459999999998,0.05,0.46786919999999993,0.10141559999999998,2,1227,19.06557457212714,11696.73,613.5
0.0223683,0.825,0.027113090909090913,0.6137419999999999,1,1008,22.190773809523808,22368.3,1008.0
0.02023444,0.037,0.5468767567567567,0.4575869230769231,10,1722,11.75054587688734,2023.444,172.2
0.02004575,0.5,0.0400915,0.11981405714285716,7,7586,2.642466385446876,2863.6785714285716,1083.7142857142858
0.019640759999999997,0.5,0.03928151999999999,0.20076233999999998,2,3764,5.218055260361317,9820.38,1882.0
0.01676222,0.059,0.2841054237288136,0.48460200000000003,2,1781,9.411690061763055,8381.11,890.5
0.01663177,0.045,0.3695948888888889,7.222222222222222e-05,1,405,41.0660987654321,16631.77,405.0
0.016405689999999997,0.05,0.3281137999999999,0.44801888,4,1872,8.76372329059829,4101.4225,468.0
0.01410875,0.005,2.8217499999999998,1.6005288,6,599,23.553839732888147,2351.4583333333335,99.83333333333333
0.01341317,0.05,0.2682634,0.23498950000000002,10,1068,12.559147940074906,1341.317,106.8
0.013177659999999999,0.097,0.1358521649484536,0.0006051894736842106,6,1129,11.671975199291408,2196.2766666666666,188.16666666666666
0.012747350000000001,2.0,0.0063736750000000005,0.010078412499999998,3,272,46.86525735294118,4249.116666666667,90.66666666666667
0.01154584,0.03,0.38486133333333333,0.07236534883720931,3,623,18.532648475120386,3848.6133333333332,207.66666666666666
0.01123301,0.15,0.07488673333333333,0.18131217391304347,2,405,27.735827160493827,5616.505,202.5
0.010128620000000001,0.033,0.3069278787878788,0.45045399999999997,1,539,18.791502782931357,10128.62,539.0
0.008826559999999999,0.095,0.09291115789473683,0.057381800000000004,4,451,19.571086474501108,2206.64,112.75
0.00804945,0.65,0.01238376923076923,0.006585199999999999,2,125,64.3956,4024.725,62.5
0.00411444,0.0975,0.04219938461538461,0.9374556822107082,1,1082,3.8026247689463952,4114.44,1082.0
0.00391142,0.4,0.009778549999999999,0.27239096153846154,5,76,51.46605263157895,782.284,15.2
0.00352819,0.25,0.01411276,6.56e-05,1,14,252.01357142857142,3528.19,14.0
0.0021152,0.033,0.0640969696969697,0.45781959999999994,2,181,11.686187845303866,1057.6,90.5
0.0016909000000000002,0.009,0.1878777777777778,1.0194317999999998,2,419,4.035560859188545,845.45,209.5
0.00160267,0.65,0.002465646153846154,0.01176012,5,45,35.61488888888889,320.534,9.0
0.00158756,0.21,0.007559809523809524,0.130945,8,88,18.040454545454544,198.445,11.0
0.00099282,0.033,0.030085454545454544,0.5297266666666666,3,46,21.58304347826087,330.94,15.333333333333334
0.00041271,0.025,0.0165084,0.8808212499999999,4,1073,0.3846318732525629,103.1775,268.25
5.5549999999999995e-05,0.009,0.006172222222222222,0.8066414634146343,2,5383,0.010319524428757198,27.775,2691.5
4.482e-05,0.045,0.0009960000000000001,0.03422822222222222,2,22,2.037272727272727,22.41,11.0
9.17e-06,0.043,0.0002132558139534884,0.004512599999999999,1,11,0.8336363636363636,9.17,11.0
5.67e-06,0.175,3.24e-05,0.10408805,1,16,0.354375,5.67,16.0
1e-08,0.1,1e-07,0.013701,1,1,0.01,0.01,1.0
7.87257505,6.548,1.2022869654856445,0.6170126307692307,32,44901,175.33184227522773,246017.9703125,1403.15625
7.10592755,6.0,1.1843212583333333,0.6017455538461539,36,23678,300.1067467691528,197386.8763888889,657.7222222222222
6.0235735,3.0,2.0078578333333335,0.4830501866666667,24,8041,749.1075115035443,250982.22916666666,335.0416666666667
2.79846001,2.31,1.2114545497835496,0.12575725882352942,9,29511,94.8276917081766,310940.0011111111,3279.0
2.14033389,2.2,0.9728790409090908,0.9390111161290322,10,25403,84.25516238239578,214033.38900000002,2540.3
2.08198997,2.1,0.9914237952380952,0.48946063500000003,17,11055,188.3301646313885,122469.99823529412,650.2941176470588
2.03928946,2.05,0.9947753463414635,0.9053926666666667,6,72801,28.011833079215943,339881.57666666666,12133.5
1.9764445400000001,1.75,1.12939688,0.8223179,19,101190,19.532014428303192,104023.39684210527,5325.789473684211
1.95088004,2.83,0.6893569045936395,0.41328326249999997,7,35908,54.329955441684305,278697.14857142855,5129.714285714285
1.7149718999999999,1.916,0.8950792797494781,0.5391300253164556,15,159337,10.763174278416187,114331.45999999999,10622.466666666667
1.36900053,1.395,0.9813623870967743,0.7451188599999999,5,23858,57.38119414871322,273800.106,4771.6
1.16168534,1.5,0.7744568933333333,0.9691124799999999,9,3708,313.2916235167206,129076.1488888889,412.0
1.1399576299999998,2.55,0.4470422078431372,0.9537214049586775,9,30004,37.993521863751496,126661.95888888888,3333.777777777778
1.0023552,1.95,0.5140283076923077,0.2507182909728308,2,285,3517.035789473684,501177.6,142.5
0.95984548,1.0,0.95984548,2.4740499999999996,4,281,3415.8202135231318,239961.37,70.25
0.9560598499999999,1.1,0.8691453181818181,0.03928151999999999,7,17065,56.0246029885731,136579.97857142857,2437.8571428571427
0.93188936,1.0,0.93188936,0.48380609999999996,5,1604,580.978403990025,186377.872,320.8
0.8957108199999999,0.46,1.9471974347826084,0.47238107,1,161,5563.421242236024,895710.82,161.0
0.87826485,1.0,0.87826485,0.6739836216216215,21,336200,2.612328524687686,41822.135714285716,16009.52380952381
0.8501991600000001,1.0,0.8501991600000001,0.6968875444444445,5,127833,6.650858229095774,170039.832,25566.6
0.78612688,0.85,0.9248551529411765,0.6902578727272727,8,181841,4.323155284011857,98265.86,22730.125
0.73879304,1.0,0.73879304,0.15442714,8,2610,283.0624674329502,92349.13,326.25
0.71684365,0.1,7.1684365,1610.6748,25,659440,1.0870490871042098,28673.746,26377.6
0.68201341,1.027655,0.663659895587527,0.6720781176470587,9,14844,45.94539275127998,75779.26777777779,1649.3333333333333
0.5715829499999999,0.1,5.715829499999999,0.0400915,6,2655,215.2854802259887,95263.825,442.5
0.50708984,1.15,0.4409476869565218,0.47826605555555557,9,33042,15.346826463289148,56343.31555555556,3671.3333333333335
0.50650408,2.0,0.25325204,0.8077545625,6,16597,30.51780924263421,84417.34666666666,2766.1666666666665
0.5008615399999999,1.0,0.5008615399999999,0.6617455400000001,8,63529,7.883982748036329,62607.6925,7941.125
0.41832244,0.45,0.9296054222222222,0.7565291,8,10097,41.430369416658415,52290.305,1262.125
0.38865897,0.5,0.77731794,0.25246266,4,1214,320.1474217462932,97164.7425,303.5
0.36354963,0.6,0.60591605,0.02052056,6,39110,9.295567118384046,60591.605,6518.333333333333
0.35573823,0.453673,0.7841291635164535,1.132714,6,7401,48.066238346169435,59289.704999999994,1233.5
0.32183965999999997,0.57,0.5646309824561403,0.7683896774193548,2,23785,13.531202858944711,160919.83,11892.5
0.22060395000000002,1.0,0.22060395000000002,1.0166954,2,1028,214.59528210116733,110301.975,514.0
0.21936679,0.2,1.09683395,0.25982368,3,458,478.9667903930131,73122.26333333334,152.66666666666666
0.21299848000000002,0.25,0.8519939200000001,0.0063736750000000005,4,388,548.9651546391752,53249.62,97.0
0.21101043,0.505071,0.41778369773754576,0.9962669444444444,2,455,463.7591868131868,105505.215,227.5
0.20348503,1.0,0.20348503,0.5408873444444444,5,46005,4.423106836213455,40697.006,9201.0
0.20311607,1.0,0.20311607,1.0772313999999998,1,144,1410.528263888889,203116.07,144.0
0.19010162,0.216163,0.879436443794729,0.09291115789473683,3,11136,17.070906968390805,63367.206666666665,3712.0
0.17793295,0.057644,3.0867557768371383,0.38486133333333333,3,1096,162.34758211678835,59310.98333333334,365.3333333333333
0.17607687,1.044484,0.16857785279621326,0.2103258,3,715,246.26135664335663,58692.29,238.33333333333334
0.16571654,1.041506,0.1591124198996453,0.16318939999999998,7,30669,5.403389089960546,23673.79142857143,4381.285714285715
0.16026026999999998,0.209258,0.7658501467088473,0.051115799999999996,12,183142,0.87506017188848,13355.0225,15261.833333333334
0.13938663,0.15,0.9292442000000001,0.002465646153846154,4,1197,116.44664160401003,34846.6575,299.25
0.12204584,0.15,0.8136389333333334,0.054659519999999996,6,94158,1.2961813122623675,20340.97333333333,15693.0
0.11904592,0.25,0.47618368,0.09499641818181817,5,2914,40.853095401509954,23809.184,582.8
0.10865656,1.053784,0.1031108462455304,0.012163199999999999,1,20069,5.414149185310678,108656.56,20069.0
0.10275052,1.0,0.10275052,0.35626951428571435,32,338065,0.303937171845651,3210.95375,10564.53125
0.09472319,1.235,0.07669893927125505,0.06240455319148937,3,26978,3.5111272147675887,31574.396666666667,8992.666666666666
0.08958175,0.1,0.8958174999999999,0.0006389400000000001,1,175,511.8957142857143,89581.75,175.0
0.0797565,0.450585,0.17700655814108324,0.46786919999999993,3,588,135.64030612244898,26585.5,196.0
0.07015097,0.164,0.4277498170731708,0.3277991228070175,14,27440,2.5565222303206996,5010.783571428571,1960.0
0.04448566,0.050145,0.8871404925715426,0.030085454545454544,2,2643,16.831502080968598,22242.83,1321.5
0.039772300000000003,0.050018,0.7951597424927027,0.618557358490566,4,765,51.98993464052288,9943.075,191.25
0.03613752,0.35,0.10325005714285715,0.5464305333333334,2,645,56.027162790697666,18068.76,322.5
0.033636339999999994,0.360551,0.09329148996951886,0.5468767567567567,9,840,40.0432619047619,3737.3711111111106,93.33333333333333
0.030349130000000002,0.1,0.3034913,0.03932184666666667,4,8361,3.6298445162061954,7587.2825,2090.25
0.029391240000000003,0.081117,0.36233144716890425,0.1358521649484536,10,8940,3.287610738255034,2939.1240000000003,894.0
0.02722163,0.043285,0.6288929190250665,0.3676594285714285,3,487,55.89657084188912,9073.876666666667,162.33333333333334
0.02113104,1.0,0.02113104,0.4320913333333334,4,421,50.19249406175772,5282.76,105.25
0.02055115,0.2,0.10275574999999999,0.42656194999999997,1,87,236.22011494252874,20551.15,87.0
0.02042559,0.75,0.02723412,1.8498699085086918,6,139,146.94669064748203,3404.265,23.166666666666668
0.01622166,0.2,0.0811083,0.01238376923076923,1,73,222.2145205479452,16221.66,73.0
0.01599894,0.05,0.31997879999999995,0.27605936,3,24106,0.6636911972123123,5332.9800000000005,8035.333333333333
0.01495756,0.438569,0.03410537452487522,0.3281137999999999,1,1441,10.379986120749479,14957.56,1441.0
0.0124485,0.100001,0.12448375516244836,0.009778549999999999,5,282,44.1436170212766,2489.7,56.4
0.00921848,1.0,0.00921848,0.007559809523809524,4,1231,7.488610885458976,2304.62,307.75
0.008792930000000001,0.024585,0.35765426072808626,0.0165084,5,705,12.472241134751773,1758.586,141.0
0.00774992,0.424242,0.01826768683911541,0.6127523999999999,5,11077,0.6996406969396046,1549.984,2215.4
0.00635422,0.01572,0.4042124681933842,0.7418052459016394,2,217,29.282119815668203,3177.11,108.5
0.00611032,0.143081,0.04270532076236537,0.42698488,1,3,2036.7733333333333,6110.32,3.0
0.00573327,0.1,0.0573327,0.07488673333333333,3,153,37.472352941176474,1911.0900000000001,51.0
0.00294335,0.55,0.005351545454545454,0.9284149448123619,3,158,18.62879746835443,981.1166666666667,52.666666666666664
0.0026474099999999998,0.045527,0.05815032837656775,0.6804598601398602,5,155,17.08006451612903,529.482,31.0
0.00255806,0.030272,0.08450251057082453,0.2682634,9,233,10.978798283261803,284.2288888888889,25.88888888888889
0.00211912,0.094915,0.022326502660274982,0.050851,7,119,17.807731092436974,302.7314285714286,17.0
0.00146991,0.005543,0.2651831138372722,0.18977000000000002,2,291,5.051237113402062,734.955,145.5
0.00118819,0.040587,0.029275137359252964,0.2841054237288136,2,1165,1.0199055793991416,594.095,582.5
0.00092394,0.108054,0.00855072463768116,0.5952417543859648,2,1639,0.5637217815741306,461.97,819.5
0.00059725,0.042667,0.013997937516113158,0.0002132558139534884,3,88,6.786931818181818,199.08333333333334,29.333333333333332
0.00026308999999999995,0.044955,0.005852296741185628,0.0009960000000000001,2,42,6.264047619047618,131.545,21.0
0.00014299,0.030885,0.0046297555447628305,0.0640969696969697,3,316,0.4525,47.663333333333334,105.33333333333333
0.00012479,0.050385,0.002476729185273395,0.334223552631579,2,45,2.773111111111111,62.395,22.5
9.631e-05,0.002,0.048155,3.24e-05,2,11,8.755454545454546,48.155,5.5
2.627e-05,0.024933,0.0010536237115469458,0.47322065573770494,1,21,1.250952380952381,26.27,21.0
3.45e-06,0.027882,0.00012373574349042394,0.3695948888888889,1,3,1.1500000000000001,3.45,3.0
2.6e-07,0.1,2.5999999999999997e-06,1e-07,1,3,0.08666666666666667,0.26,3.0
6e-08,0.008942,6.709908297919928e-06,0.006172222222222222,2,3,0.02,0.03,1.5
0.0,0.004904,0.0,0.038332998996990976,1,1,0.0,0.0,1.0
0.0,0.004904,0.0,0.04270532076236537,1,1,0.0,0.0,1.0
6.079387083333334,4.0,1.5198467708333334,1.1843212583333333,28,22339,163.28538654371278,130272.58035714286,797.8214285714286
5.223093016666668,4.0,1.305773254166667,1.2022869654856445,28,12332,254.12388987998702,111923.4217857143,440.42857142857144
5.107593716666666,4.0,1.2768984291666665,2.0078578333333335,16,3458,886.2221602082128,191534.764375,216.125
4.415048133333333,4.0,1.1037620333333333,0.8691453181818181,9,204724,12.939513100564662,294336.5422222222,22747.11111111111
3.8911950999999996,2.5,1.5564780399999998,0.8136389333333334,11,156166,14.950226425726472,212247.00545454546,14196.90909090909
3.8345302499999994,3.0,1.2781767499999999,1.12939688,18,142759,16.116098809882388,127817.67499999999,7931.055555555556
3.3906114499999997,4.0,0.8476528624999999,0.9914237952380952,14,5219,389.80012837708375,145311.9192857143,372.7857142857143
2.8979072333333336,4.0,0.7244768083333334,0.6893569045936395,9,6320,275.1177753164557,193193.81555555557,702.2222222222222
2.5505799666666666,2.5,1.0202319866666667,0.739972,5,24392,62.739749918005906,306069.596,4878.4
2.4231276166666667,3.0,0.8077092055555556,1.9471974347826084,1,370,3929.3961351351354,1453876.57,370.0
2.2990692333333334,2.0,1.1495346166666667,0.5002958999999999,5,44714,30.85032741423268,275888.308,8942.8
2.1373442333333332,1.65,1.2953601414141414,0.9728790409090908,7,917,1398.4804143947656,183200.9342857143,131.0
2.0079887166666666,1.9936,1.0072174541867307,0.8950792797494781,17,126754,9.504972071887277,70870.19,7456.117647058823
1.6957194333333332,2.0,0.8478597166666666,0.73879304,6,2823,360.40795607509745,169571.94333333333,470.5
1.5316334833333332,1.78,0.8604682490636703,0.9947753463414635,6,8794,104.5008062315215,153163.34833333333,1465.6666666666667
1.5218530499999998,1.5,1.0145686999999999,0.25325204,5,10669,85.58551223169931,182622.36599999998,2133.8
1.3686281666666664,1.6,0.8553926041666665,1.0558848780487804,1,15258,53.81943242888976,821176.9,15258.0
1.3506257833333335,2.0,0.6753128916666667,0.9929320142857144,2,3266,248.12476117575014,405187.735,1633.0
1.1894831,0.813997,1.4612868352094663,0.20078599999999996,2,368,1939.3746195652172,356844.93,184.0
1.1423889833333334,1.0,1.1423889833333334,0.87826485,16,510786,1.3419189053732874,42839.586875,31924.125
1.1200562333333335,1.75,0.6400321333333334,0.95984548,5,734,915.5773024523161,134406.748,146.8
1.0839645666666666,1.0,1.0839645666666666,0.5008615399999999,7,8901,73.06805302774968,92911.24857142857,1271.5714285714287
0.9912149333333333,0.6,1.6520248888888889,0.663659895587527,4,1969,302.0461960385983,148682.24,492.25
0.8769447499999999,1.4,0.6263891071428571,0.10275052,38,125033,4.208223828909167,13846.496052631579,3290.342105263158
0.8684962500000001,0.87,0.9982715517241381,0.20348503,4,16616,31.361203057294173,130274.4375,4154.0
0.8563027666666667,1.0,0.8563027666666667,0.7658501467088473,15,294134,1.7467605241148592,34252.11066666667,19608.933333333334
0.8294732666666668,1.5,0.5529821777777778,0.4470422078431372,8,17729,28.071744599244177,62210.495,2216.125
0.8200644500000001,1.1125,0.7371365842696629,1.040982944785276,4,238,2067.3893697478993,123009.6675,59.5
0.8069657666666668,1.8,0.4483143148148149,0.9813623870967743,4,39265,12.331069909588694,121044.865,9816.25
0.784837,0.5,1.569674,0.15149232727272727,4,75324,6.251688704795285,117725.55,18831.0
0.7661008499999999,0.8,0.9576260624999999,0.60591605,5,27625,16.63929447963801,91932.102,5525.0
0.7352521,0.68,1.081253088235294,0.4409476869565218,6,73189,6.027562338602795,73525.21,12198.166666666666
0.7300648833333333,1.6,0.4562905520833333,0.8419478615940531,1,46704,9.379045263788969,438038.93,46704.0
0.6917282499999999,1.75,0.39527328571428566,1.2114545497835496,6,9445,43.942503970354686,69172.825,1574.1666666666667
0.6257343833333333,1.0,0.6257343833333333,0.7744568933333333,8,1405,267.2175302491103,46930.07875,175.625
0.6010928166666667,0.777,0.7736072286572286,0.17980373286398013,11,272787,1.3221146535575377,32786.88090909091,24798.81818181818
0.597083,0.8,0.74635375,0.7841291635164535,5,11932,30.02428762990278,71649.95999999999,2386.4
0.4787883166666667,0.75,0.6383844222222222,0.9248551529411765,7,39816,7.215013813542295,41038.99857142857,5688.0
0.44099893333333334,0.8,0.5512486666666666,0.93188936,2,374,707.4849197860963,132299.68,187.0
0.43330535,0.419029,1.0340700762954353,0.09329148996951886,7,748,347.57113636363636,37140.45857142857,106.85714285714286
0.4152636666666667,1.25,0.33221093333333335,0.9197765992647058,1,841,296.264209274673,249158.2,841.0
0.4111905333333334,1.008107,0.4078838192109899,0.7951597424927027,3,12683,19.452363005598045,82238.10666666667,4227.666666666667
0.4050548666666667,0.45,0.9001219259259259,0.16857785279621326,1,646,376.2119504643963,243032.92,646.0
0.37557645,1.034431,0.36307540087255696,0.0485654,2,20989,10.73637953213588,112672.935,10494.5
0.3392471333333333,0.25,1.3569885333333331,0.9475697811431552,9,32288,6.304146432111001,22616.475555555557,3587.5555555555557
0.33200774999999993,0.607454,0.5465562001402574,0.01826768683911541,4,23983,8.306077221365133,49801.1625,5995.75
0.32995585000000005,0.46,0.7172953260869566,0.5646309824561403,1,2462,80.41166125101545,197973.51,2462.0
0.3163531,1.0,0.3163531,0.02723412,2,273,695.2815384615384,94905.93,136.5
0.2818911,0.45,0.6264246666666666,0.1031108462455304,1,36262,4.664239699961392,169134.66,36262.0
0.2815059833333333,0.620672,0.4535503185794322,0.06906120720720721,1,1578,107.03649556400507,168903.59,1578.0
0.21085235,0.009901,21.296066053933945,0.7582966,1,4,31627.8525,126511.41,4.0
0.20420246666666667,0.2,1.0210123333333332,1.09683395,4,334,366.8307784431138,30630.37,83.5
0.1770225,1.054616,0.1678549348767703,0.0038526,1,4565,23.266922234392116,106213.5,4565.0
0.16052465,0.32,0.5016395312499999,0.40523534174939446,4,221,435.8135294117647,24078.6975,55.25
0.15281085,1.000527,0.15273036109970045,0.6216882183908046,3,9492,9.659345764854613,30562.17,3164.0
0.14625069999999998,1.05028,0.13924924781962902,0.6288929190250665,4,817,107.40565483476132,21937.605,204.25
0.12866706666666666,1.002501,0.12834607313774915,0.41771,2,10997,7.02011821405838,38600.12,5498.5
0.10478961666666665,1.047901,0.09999953876049995,0.008731157377943449,3,775,81.12744516129032,20957.923333333332,258.3333333333333
0.10113785,0.25,0.4045514,0.07669893927125505,3,4766,12.732419219471254,20227.57,1588.6666666666667
0.09170593333333334,0.3,0.3056864444444445,0.4277498170731708,13,3847,14.30297894463218,4232.581538461538,295.9230769230769
0.08899148333333333,0.065594,1.356701578396398,0.17700655814108324,2,915,58.35507103825137,26697.445,457.5
0.08417295,0.05013,1.679093357271095,0.1973922688097749,1,67,753.7876119402985,50503.77,67.0
0.08085186666666669,0.4,0.2021296666666667,0.77731794,3,4407,11.007742228273202,16170.373333333335,1469.0
0.07919058333333333,0.349661,0.22647816980828095,0.002476729185273395,3,6769,7.019404638794504,15838.116666666667,2256.3333333333335
0.07902245,0.050954,1.5508586175766377,0.12053907496012757,1,1384,34.25828757225434,47413.47,1384.0
0.07734518333333334,0.018669,4.142974092524149,0.5404568,1,7591,6.113438282176261,46407.11,7591.0
0.07647578333333335,0.4,0.19118945833333337,0.9296054222222222,4,1408,32.58911221590909,11471.3675,352.0
0.05568911666666666,1.51,0.03688020971302428,5.715829499999999,1,99,337.509797979798,33413.47,99.0
0.0463289,0.033664,1.3762149477186312,0.04167843315873378,1,94,295.7163829787234,27797.34,94.0
0.043473116666666665,0.097057,0.4479132537237568,0.005351545454545454,1,490,53.23238775510204,26083.87,490.0
0.038398249999999995,0.04288,0.8954815764925371,0.05815032837656775,4,178,129.4323033707865,5759.7375,44.5
0.03604823333333333,0.373612,0.096485748137997,0.03410537452487522,3,492,43.961260162601626,7209.6466666666665,164.0
0.035051816666666666,0.030157,1.1623111273225675,0.31997879999999995,4,51145,0.41120520089940366,5257.7725,12786.25
0.03468413333333333,0.051488,0.673635280712658,0.262078373015873,1,33,630.6206060606061,20810.48,33.0
0.0312198,0.05,0.624396,7.6e-05,1,90,208.132,18731.88,90.0
0.027629066666666664,0.072178,0.382790693378407,0.3034913,5,188,88.17787234042552,3315.488,37.6
0.026339599999999998,0.054316,0.4849326165402459,0.009306862520082625,3,13053,1.210737761434153,5267.92,4351.0
0.02415508333333333,0.71,0.034021244131455394,0.9292442000000001,2,123,117.82967479674797,7246.525,61.5
0.019724733333333334,0.403953,0.04882927799356196,0.085954,1,155,76.35380645161291,11834.84,155.0
0.019664266666666666,0.1,0.19664266666666666,0.36233144716890425,6,4063,2.9039035195668226,1966.4266666666665,677.1666666666666
0.016107983333333336,1.56,0.010325630341880344,0.8519939200000001,5,12384,0.7804255490956074,1932.958,2476.8
0.014709133333333332,0.1,0.14709133333333332,0.20311607,1,9,980.6088888888888,8825.48,9.0
0.009227916666666667,0.043787,0.21074557897701754,0.1242682,1,155,35.72096774193548,5536.75,155.0
0.008965466666666666,0.034303,0.2613610082694419,0.31394299999999997,1,233,23.08703862660944,5379.28,233.0
0.00667325,0.05262,0.12681965032307108,0.0238,3,2253,1.7771637816245005,1334.6499999999999,751.0
0.00664345,0.079871,0.08317724831290457,0.06708175596971462,3,96,41.5215625,1328.69,32.0
0.00646795,0.054848,0.11792499270711786,0.0006881999999999999,2,287,13.52184668989547,1940.385,143.5
0.005931366666666668,0.049237,0.12046563898423274,0.015275999999999998,5,336,10.59172619047619,711.764,67.2
0.005789433333333333,0.02982,0.19414598703331098,0.14800914285714284,1,26,133.60230769230768,3473.66,26.0
0.005675933333333333,0.004053,1.4004276667489102,0.2651831138372722,2,36,94.5988888888889,1702.78,18.0
0.005530633333333333,0.05,0.11061266666666666,1.001718,2,13,255.26000000000002,1659.19,6.5
0.005394983333333333,0.050852,0.10609186134927501,0.4208745454545454,1,43,75.27883720930232,3236.99,43.0
0.004849183333333333,0.040811,0.11882049774162194,0.7767425715079145,2,9141,0.31829230937534186,1454.755,4570.5
0.004315583333333333,0.05,0.08631166666666665,0.02113104,3,49,52.843877551020405,863.1166666666667,16.333333333333332
0.0038325333333333327,0.3,0.012775111111111109,0.47618368,2,480,4.790666666666667,1149.76,240.0
0.0037240333333333334,0.039399,0.09452101153159555,0.029275137359252964,2,887,2.519075535512965,1117.21,443.5
0.0033866,0.054634,0.06198704103671706,0.06030419793145408,5,202,10.05920792079208,406.392,40.4
0.0031690666666666666,0.050778,0.06241023015216564,0.841504,1,9,211.2711111111111,1901.44,9.0
0.0031564500000000003,0.16,0.0197278125,0.1591124198996453,4,1554,1.2187065637065637,473.4675,388.5
0.003038466666666667,1.0,0.003038466666666667,0.5140283076923077,1,53,34.3977358490566,1823.08,53.0
0.0028138833333333333,0.45,0.006253074074074074,0.0016915999645568127,3,1135,1.4875154185022026,562.7766666666666,378.3333333333333
0.0028045833333333334,0.004499,0.6233792694672889,0.092474,1,318,5.291666666666667,1682.75,318.0
0.0027921166666666666,0.004787,0.5832706636028132,0.042638,1,78,21.47782051282051,1675.27,78.0
0.002711983333333334,0.00363,0.7471028466483014,0.274124,2,19,85.64157894736843,813.595,9.5
0.0024021333333333335,0.013701,0.17532540203878064,0.013997937516113158,1,22,65.51272727272728,1441.28,22.0
0.002197883333333333,0.05,0.04395766666666666,2.5999999999999997e-06,2,88,14.985568181818183,659.365,44.0
0.00218505,0.002869,0.7616068316486581,0.19527497194163862,3,610,2.149229508196721,437.01,203.33333333333334
0.0019861166666666668,0.004755,0.41769015071854193,0.03757287449392713,2,308,3.8690584415584417,595.835,154.0
0.00196065,0.009366,0.20933696348494557,0.4042124681933842,2,69,17.04913043478261,588.195,34.5
0.0018846,1.050054,0.0017947648406653372,2e-06,2,1072,1.054813432835821,565.38,536.0
0.0018829333333333334,0.037504,0.050206200227531285,0.0008922,1,45,25.105777777777778,1129.76,45.0
0.0014585666666666666,0.015688,0.09297339792622811,0.35765426072808626,3,129,6.7840310077519375,291.7133333333333,43.0
0.0014112,0.01486,0.09496635262449529,0.44876173164669664,1,535,1.5826542056074766,846.72,535.0
0.0013857333333333335,0.014153,0.0979109258343343,0.7093145725829033,1,144,5.773888888888889,831.44,144.0
0.0011166000000000001,0.046858,0.023829442144351023,0.05110909090909091,3,16,41.8725,223.32000000000002,5.333333333333333
0.0010801333333333332,0.050035,0.02158755537790213,0.08450251057082453,4,99,6.546262626262627,162.02,24.75
0.0010056000000000002,0.05,0.020112,0.048155,2,31,19.463225806451614,301.68,15.5
0.0008925666666666666,0.05,0.01785133333333333,0.41778369773754576,1,13,41.19538461538461,535.54,13.0
0.0007849666666666666,0.030743,0.02553318370577584,0.0046297555447628305,2,252,1.868968253968254,235.49,126.0
0.0007524833333333335,0.047826,0.015733771031098846,0.022326502660274982,3,123,3.6706504065040653,150.49666666666667,41.0
0.00046883333333333336,0.05,0.009376666666666667,0.0012820000000000002,3,641,0.4388455538221529,93.76666666666667,213.66666666666666
0.00044788333333333337,0.004572,0.09796223388743075,0.055588,2,445,0.6038876404494382,134.365,222.5
0.0002882166666666667,0.097014,0.002970877055545248,0.18184619999999999,1,14,12.352142857142857,172.93,14.0
0.00025123333333333333,0.043771,0.0057397211243365096,0.005852296741185628,2,4256,0.03541823308270677,75.37,2128.0
0.00018308333333333333,0.004949,0.03699400552300128,0.0003736618864875783,1,27,4.068518518518518,109.85,27.0
0.00013665,0.005,0.027329999999999997,5.7999999999999994e-05,2,155,0.5289677419354838,40.995,77.5
0.00011366666666666667,0.004993,0.022765204619801055,0.000872,1,65,1.0492307692307692,68.2,65.0
7.16e-05,0.024907,0.0028746938611635287,0.0010536237115469458,1,16,2.685,42.96,16.0
7.126666666666666e-05,0.0042,0.01696825396825397,0.5438473333333333,1,7,6.1085714285714285,42.76,7.0
6.498333333333335e-05,0.004904,0.013251087547580209,0.0,2,11,3.544545454545455,19.495,5.5
6.415e-05,0.004686,0.013689714041826718,0.024153301395542597,1,3,12.83,38.49,3.0
4.78e-05,0.004951,0.009654615229246618,0.001798952457695407,1,53,0.5411320754716981,28.68,53.0
2.858333333333333e-05,0.014797,0.0019316978666846882,0.01526105221044209,4,23,0.7456521739130434,4.2875,5.75
1.9816666666666666e-05,0.004937,0.004013908581459725,0.012143285971582951,1,71,0.16746478873239437,11.89,71.0
1.6483333333333332e-05,0.054785,0.0003008731100362021,0.0018898623279098874,2,22,0.4495454545454546,4.945,11.0
1.245e-05,0.004478,0.002780259044216168,0.07789419514203376,2,79,0.09455696202531645,3.735,39.5
1.0066666666666665e-05,0.00498,0.002021419009370816,0.0005539943797671618,1,10,0.604,6.04,10.0
5.233333333333333e-06,0.041523,0.00012603456718766307,0.1695452,1,12,0.26166666666666666,3.14,12.0
5.200000000000001e-06,1.8,2.8888888888888894e-06,0.00921848,2,5,0.624,1.56,2.5
4.1000000000000006e-06,0.004903,0.000836222720783194,0.002981492780150498,1,17,0.14470588235294118,2.46,17.0
3.3333333333333333e-06,0.001864,0.00178826895565093,0.6272199999999999,1,1,2.0,2.0,1.0
3.3333333333333334e-08,0.022131,1.5061828807253777e-06,0.00855072463768116,1,1,0.02,0.02,1.0
0.0,0.004108,0.0,0.038332998996990976,1,1,0.0,0.0,1.0
0.0,0.004108,0.0,0.04270532076236537,1,1,0.0,0.0,1.0
0.0,0.004794,0.0,0.038332998996990976,1,1,0.0,0.0,1.0
0.0,0.004794,0.0,0.04270532076236537,1,1,0.0,0.0,1.0
0.0,0.04389,0.0,0.038332998996990976,1,1,0.0,0.0,1.0
0.0,0.04389,0.0,0.04270532076236537,1,1,0.0,0.0,1.0
