date,alloc,idle,other,pending,total
2016-09-10,0.0,29.7700348432,17.4773519164,,47.2473867596
2016-09-11,0.0,56.0,0.0,,56.0
2016-09-12,0.0416666666667,482.375,244.61111111099999,1.0,727.0277777780001
2016-09-13,15.9930555556,9462.39583333,135.91666666700002,56.5,9614.30555556
2016-09-14,10.53125,7709.39930556,2640.06944444,1.0434782608700002,10360.0
2016-09-15,0.0,0.0,10360.0,1.0,10360.0
2016-09-16,0.0,0.0,10360.0,1.0,10360.0
2016-09-17,0.0,4.86111111111,10355.138888899999,1.0,10360.0
2016-09-18,0.0,28.0,10332.0,1.0,10360.0
2016-09-19,0.0,28.0,10332.0,1.0,10360.0
2016-09-20,9.8701754386,1792.24912281,8557.88070175,1.08620689655,10360.0
2016-09-21,15.5625,9010.45138889,1333.98611111,,10360.0
2016-09-22,44.0243055556,10177.6284722,138.347222222,,10360.0
2016-09-23,299.052083333,9878.94791667,182.0,374.75,10360.0
2016-09-24,16.5277777778,9960.125,383.34722222199997,,10360.0
2016-09-25,105.97222222200001,9837.04166667,416.98611111099996,,10360.0
2016-09-26,4388.02777778,5508.41666667,463.555555556,1474.66666667,10360.0
2016-09-27,1649.16901408,6570.4084507,2140.42253521,12563.889502799999,10360.0
2016-09-28,906.667857143,3203.13214286,6250.2,8682.324,10360.0
2016-09-29,4027.42028986,5808.79710145,523.782608696,9595.31666667,10360.0
2016-09-30,1353.05902778,8884.24652778,122.694444444,4029.15021459,10360.0
2016-10-01,8974.62847222,1250.42708333,134.944444444,10543.524752500001,10360.0
2016-10-02,8960.0,1232.0,168.0,,10360.0
2016-10-03,4825.20833333,5257.22222222,277.569444444,7122.53731343,10360.0
2016-10-04,8687.04513889,1047.32986111,625.625,406.0,10360.0
2016-10-05,6578.07307692,1844.65,1937.27692308,432.13333333300005,10360.0
2016-10-06,346.191637631,370.39372822300004,9643.41463415,461.33333333300004,10360.0
2016-10-07,1636.89198606,3159.98606272,5563.12195122,1088.0,10360.0
2016-10-08,4641.66319444,5606.33680556,112.0,6803.24324324,10360.0
2016-10-09,5795.22222222,4452.77777778,112.0,10379.098484799999,10360.0
2016-10-10,5600.68531469,4600.51748252,158.797202797,7899.14444444,10360.0
2016-10-11,9592.375,485.680555556,281.944444444,8783.32986111,10360.0
2016-10-12,8354.81428571,1321.28571429,683.9,8143.8705036,10360.0
2016-10-13,4820.51929825,3421.89473684,2117.58596491,7167.52592593,10360.0
2016-10-14,5950.48611111,2245.25,2164.26388889,10281.7222222,10360.0
2016-10-15,7521.69444444,2649.98611111,188.31944444400003,11156.444444399998,10360.0
2016-10-16,3502.43055556,6689.56944444,168.0,10395.388888899999,10360.0
2016-10-17,4308.09756098,5890.82926829,161.073170732,10009.4596491,10360.0
2016-10-18,5131.19444444,5088.80555556,140.0,10690.3715278,10360.0
2016-10-19,9281.94097222,938.0590277780001,140.0,8599.5,10360.0
2016-10-20,6377.99652778,3885.94791667,127.555555556,8527.33333333,10391.5
2016-10-21,9148.22222222,1911.77777778,56.0,9827.06319703,11116.0
2016-10-22,7943.93055556,3116.06944444,56.0,10465.486111100001,11116.0
2016-10-23,6698.33333333,4361.66666667,56.0,8794.13888889,11116.0
2016-10-24,7489.22222222,3635.23611111,58.5277777778,7335.41666667,11182.986111100001
2016-10-25,3804.5,7657.125,18.375,7405.51388889,11480.0
2016-10-26,4234.38888889,7046.69444444,44.7222222222,10441.388888899999,11325.805555600002
2016-10-27,7688.73611111,3399.26388889,28.0,23312.5381944,11116.0
2016-10-28,7035.01736111,4050.45486111,30.5277777778,16806.4375,11116.0
2016-10-29,8645.42361111,2414.57638889,56.0,16079.7777778,11116.0
2016-10-30,8099.09027778,2960.90972222,56.0,14736.166666699999,11116.0
2016-10-31,8041.73611111,3018.26388889,56.0,9750.61111111,11116.0
2016-11-01,6114.45833333,4945.54166667,56.0,7229.95833333,11116.0
2016-11-02,6279.19444444,4547.47222222,289.333333333,4609.70138889,11116.0
2016-11-03,4307.80208333,6752.19791667,56.0,3285.41666667,11116.0
2016-11-04,4689.80902778,6361.44097222,64.75,2380.77027027,11116.0
2016-11-05,2551.05555556,1502.91666667,7062.02777778,6035.74129353,11116.0
2016-11-06,7435.5,3624.5,56.0,320.0,11116.0
2016-11-07,1590.73611111,9457.88888889,67.375,327.0,11116.0
2016-11-08,1141.28472222,9929.11805556,45.5972222222,1068.97797357,11116.0
2016-11-09,3522.68989547,7564.2369338,29.0731707317,2285.38675958,11116.0
2016-11-10,6735.27777778,4324.72222222,56.0,1132.39930556,11116.0
2016-11-11,6807.95121951,4262.3902439,45.6585365854,758.715789474,11116.0
2016-11-12,9524.18085106,1563.81914894,28.0,3388.04710145,11116.0
2016-11-13,8151.26041667,2936.73958333,28.0,4792.75,11116.0
2016-11-14,6794.19444444,4293.80555556,28.0,3654.01388889,11116.0
2016-11-15,7896.55944056,3191.44055944,28.0,2582.10661765,11116.0
2016-11-16,6910.58680556,4151.94097222,53.4722222222,1958.37152778,11116.0
2016-11-17,6538.69791667,4525.67708333,51.625,2795.29861111,11116.0
2016-11-18,6796.25,4291.75,28.0,1009.13617021,11116.0
2016-11-19,5973.57458564,5091.06629834,51.359116022100004,1008.3373493999999,11116.0
2016-11-20,5277.14236111,5782.85763889,56.0,946.419642857,11116.0
2016-11-21,4523.07291667,6536.92708333,56.0,653.065217391,11116.0
2016-11-22,6216.18402778,4843.81597222,56.0,4562.112280699999,11116.0
2016-11-23,9391.625,1665.65277778,58.7222222222,5037.25347222,11116.0
2016-11-24,5148.02777778,5138.76388889,271.152777778,1084.86111111,10557.944444399998
2016-11-25,4590.44791667,5506.85763889,234.69444444400003,1195.96527778,10332.0
2016-11-26,5651.98611111,4456.01388889,224.0,484.631944444,10332.0
2016-11-27,4471.20905923,5636.79094077,224.0,310.653465347,10332.0
2016-11-28,4087.15277778,6020.84722222,224.0,266.5625,10332.0
2016-11-29,5067.24738676,5031.77700348,232.97560975599998,187.51234567900002,10332.0
2016-11-30,4999.97222222,5080.02777778,252.0,1856.99305556,10332.0
2016-12-01,8382.36563877,1209.66960352,739.964757709,40946.6211454,10332.0
2016-12-02,8224.32986111,1855.67013889,252.0,18009.1944444,10332.0
2016-12-03,7847.34722222,2194.67708333,289.975694444,8749.88194444,10332.0
2016-12-04,3274.92361111,6777.07638889,280.0,2281.67013889,10332.0
2016-12-05,3482.11458333,6569.88541667,280.0,2037.13888889,10332.0
2016-12-06,6675.45833333,3423.20833333,233.33333333299998,3997.88541667,10332.0
2016-12-07,7919.402097900001,2412.5979021,0.0,1649.73239437,10332.0
2016-12-08,7737.00347222,2594.99652778,0.0,1162.78472222,10332.0
2016-12-09,5921.83333333,4378.18055556,31.9861111111,811.2881944439999,10332.0
2016-12-10,5118.37847222,5129.62152778,84.0,509.17692307699997,10332.0
2016-12-11,4513.56794425,5711.0174216000005,107.414634146,455.6,10332.0
2016-12-12,4557.0625,5662.9375,112.0,130.66666666700002,10332.0
2016-12-13,4816.9375,4859.16319444,655.899305556,1247.06015038,10332.0
2016-12-14,3820.59027778,4019.65277778,2491.75694444,1123.70484581,10332.0
2016-12-15,4666.39236111,3609.77777778,2055.82986111,225.39583333299998,10332.0
2016-12-16,4236.59375,2783.79166667,3311.61458333,560.374517375,10332.0
2016-12-17,4614.06944444,2904.65625,2813.27430556,394.72916666699996,10332.0
2016-12-18,4070.13888889,3433.86111111,2828.0,154.0625,10332.0
2016-12-19,4780.57986111,3487.12847222,2064.29166667,821.648148148,10332.0
2016-12-20,6599.15625,3683.76388889,49.079861111099994,997.392361111,10332.0
2016-12-21,7160.79166667,3114.04166667,57.1666666667,1283.78472222,10332.0
2016-12-22,7359.09027778,2885.11805556,87.7916666667,3205.28819444,10332.0
2016-12-23,7146.27777778,3101.72222222,84.0,6581.93402778,10332.0
2016-12-24,7950.75694444,2304.75347222,76.4895833333,17844.548611099995,10332.0
2016-12-25,6546.53846154,3669.54195804,115.91958042,15197.482638899999,10332.0
2016-12-26,4846.67013889,5345.32986111,140.0,13815.5868056,10332.0
2016-12-27,6767.69444444,3424.30555556,140.0,3171.80208333,10332.0
2016-12-28,4892.62152778,5299.37847222,140.0,448.33333333300004,10332.0
2016-12-29,3890.05555556,6301.94444444,140.0,403.19097222199997,10332.0
2016-12-30,6083.09375,4108.90625,140.0,558.7844311380001,10332.0
2016-12-31,2942.71875,7249.28125,140.0,528.3125,10332.0
2017-01-01,4014.70486111,6177.29513889,140.0,4714.44656489,10332.0
2017-01-02,4855.47222222,5336.52777778,140.0,2298.54166667,10332.0
2017-01-03,5274.81597222,4917.18402778,140.0,433.55208333300004,10332.0
2017-01-04,5708.00694444,4483.99305556,140.0,2122.59027778,10332.0
2017-01-05,5402.95486111,4789.04513889,140.0,2484.14930556,10332.0
2017-01-06,3049.39583333,7142.60416667,140.0,1543.1875,10332.0
2017-01-07,1537.02083333,8639.90972222,155.069444444,176.931654676,10332.0
2017-01-08,954.5625,9209.4375,168.0,427.74418604699997,10332.0
2017-01-09,1716.75347222,8455.70486111,159.54166666700002,374.30208333300004,10332.0
2017-01-10,2978.68402778,7213.31597222,140.0,54.7272727273,10332.0
2017-01-11,2489.06597222,7702.93402778,140.0,224.51985559599999,10332.0
2017-01-12,2745.8125,7464.07638889,122.111111111,116.013888889,10332.0
2017-01-13,6343.6875,3960.3125,28.0,130.01041666700002,10332.0
2017-01-14,2612.39236111,7691.60763889,28.0,29.954128440399998,10332.0
2017-01-15,2391.27118644,7712.69491525,228.033898305,237.48305084700002,10332.0
2017-01-16,2495.20486111,7808.79513889,28.0,211.378472222,10332.0
2017-01-17,3504.36805556,6799.63194444,28.0,289.996527778,10332.0
2017-01-18,3641.63194444,6662.36805556,28.0,286.570909091,10332.0
2017-01-19,4012.23611111,6291.76388889,28.0,533.11328125,10332.0
2017-01-20,4287.46180556,6016.53819444,28.0,784.3194444439999,10332.0
2017-01-21,3278.48951049,7025.51048951,28.0,695.81184669,10332.0
2017-01-22,2317.90972222,7986.09027778,28.0,179.51736111099999,10332.0
2017-01-23,2474.16319444,7829.83680556,28.0,202.399209486,10332.0
2017-01-24,4213.54861111,6014.61805556,28.0,64.8571428571,10256.1666667
2017-01-25,4003.10416667,5740.89583333,28.0,163.027027027,9772.0
2017-01-26,3238.58680556,6505.41319444,28.0,365.203773585,9772.0
2017-01-27,2279.17361111,7464.82638889,28.0,67.2673611111,9772.0
2017-01-28,1966.46875,7777.53125,28.0,255.086956522,9772.0
2017-01-29,2713.70138889,6022.29861111,28.0,2756.03472222,8764.0
2017-01-30,3385.38888889,4846.61111111,28.0,9070.22222222,8260.0
2017-01-31,4839.42361111,3392.57638889,28.0,1822.46180556,8260.0
2017-02-01,4982.65263158,3252.0,25.3473684211,1113.41754386,8260.0
2017-02-02,4466.53903346,3793.46096654,0.0,622.992565056,8260.0
2017-02-03,0.0,227.835616438,8032.16438356,,8260.0
2017-02-04,0.0,15.68,8244.32,,8260.0
2017-02-05,440.71875,7281.64236111,537.638888889,171.607142857,8260.0
2017-02-06,1466.35069444,6731.03819444,62.611111111099994,250.272727273,8260.0
2017-02-07,3395.28472222,4761.65972222,103.055555556,274.583969466,8260.0
2017-02-08,2713.8018018000002,5406.95495495,112.0,298.314606742,8232.75675676
2017-02-09,4783.62105263,3308.37894737,112.0,286.46969697,8204.0
2017-02-10,5174.19097222,2917.80902778,112.0,1988.70930233,8204.0
2017-02-11,3470.76736111,4607.52430556,125.708333333,1908.16935484,8204.0
2017-02-12,1098.69791667,6965.30208333,140.0,245.421052632,8204.0
2017-02-13,2863.93402778,5200.06597222,140.0,1591.8041958,8204.0
2017-02-14,3843.72916667,4220.27083333,140.0,1920.42708333,8204.0
2017-02-15,3058.24305556,5005.75694444,140.0,4191.75347222,8204.0
2017-02-16,2328.87152778,5755.35069444,119.77777777799999,3962.41319444,8204.0
2017-02-17,2273.375,5846.625,84.0,914.170138889,8204.0
2017-02-18,2827.3125,5292.6875,84.0,1245.38219895,8204.0
2017-02-19,3752.78472222,4367.21527778,84.0,3791.0,8204.0
2017-02-20,3341.92361111,4778.07638889,84.0,2091.13194444,8204.0
2017-02-21,3836.32986111,4303.85763889,69.1597222222,4180.10416667,8209.34722222
2017-02-22,3784.00754717,4427.82641509,20.1660377358,2681.29056604,8232.0
2017-02-23,4278.39236111,3900.62152778,52.986111111099994,4124.01736111,8232.0
2017-02-24,1729.95833333,6310.61111111,191.43055555599997,3933.18055556,8232.0
2017-02-25,94.0,7130.0,1008.0,1351.0,8232.0
2017-02-27,3700.72289157,4475.27710843,56.0,3823.27710843,8232.0
2017-02-28,3889.06944444,4286.93055556,56.0,2859.98611111,8232.0
2017-03-01,3819.61805556,4217.54861111,56.0,1369.23703704,8093.16666667
2017-03-02,5288.49652778,2531.18402778,76.31944444439999,1052.33680556,7896.0
2017-03-03,4833.86805556,2952.46527778,109.666666667,1257.55208333,7896.0
2017-03-04,4125.98954704,3658.01045296,112.0,1538.592,7896.0
2017-03-05,5774.67361111,2009.32638889,112.0,4998.88888889,7896.0
2017-03-06,3910.52083333,3813.97916667,171.5,3791.59375,7896.0
2017-03-07,6528.58536585,1185.95121951,181.463414634,3029.9375,7896.0
2017-03-08,5593.32638889,2218.67361111,84.0,3572.05208333,7896.0
2017-03-09,3972.84375,3923.35069444,81.4722222222,3290.57575758,7977.66666667
2017-03-10,2611.82638889,5452.17361111,28.0,29.7456896552,8092.0
2017-03-11,3723.81597222,4340.18402778,28.0,122.940540541,8092.0
2017-03-12,1300.8125,6763.1875,28.0,1531.5,8092.0
2017-03-13,1032.90625,7031.09375,28.0,904.0972222219999,8092.0
2017-03-14,1259.98263889,6804.01736111,28.0,1167.27083333,8092.0
2017-03-15,3305.47916667,4749.67361111,36.847222222199996,1903.9375,8092.0
2017-03-16,3951.98263889,4062.70138889,77.3159722222,4658.57638889,8092.0
2017-03-17,5237.94097222,2780.68402778,73.375,5244.64236111,8092.0
2017-03-18,5055.45833333,2994.63888889,41.902777777800004,2233.84722222,8092.0
2017-03-19,3334.64236111,4701.35763889,56.0,2086.42708333,8092.0
2017-03-20,2386.71180556,5626.44097222,78.8472222222,1794.65625,8092.0
2017-03-21,3341.22648084,4722.77351916,28.0,806.010416667,8092.0
2017-03-22,3149.94791667,4921.14930556,20.9027777778,142.029850746,8092.0
2017-03-23,4079.71875,4012.28125,0.0,39.4638554217,8092.0
2017-03-24,2895.5625,5196.4375,0.0,3297.1440000000002,8092.0
2017-03-25,4831.90277778,3260.09722222,0.0,29863.611510799998,8092.0
2017-03-26,4417.46180556,3674.53819444,0.0,28397.5427509,8092.0
2017-03-27,5006.05208333,3085.94791667,0.0,30786.6145833,8092.0
2017-03-28,4170.07719298,3921.72631579,0.19649122807,26295.304721,8092.0
2017-03-29,3989.52777778,3973.16666667,129.305555556,28102.6701389,8092.0
2017-03-30,2801.42013889,5178.57986111,112.0,7725.49173554,8092.0
2017-03-31,2204.29513889,5775.70486111,112.0,2514.8,8092.0
2017-04-01,5909.01041667,2070.98958333,112.0,2314.25925926,8092.0
2017-04-02,6784.82867133,1179.7027972,127.468531469,4740.77011494,8092.0
2017-04-03,4806.64236111,3153.91319444,131.444444444,2444.72222222,8092.0
2017-04-04,5327.87985866,2652.12014134,112.0,3151.22580645,8092.0
2017-04-05,4950.25347222,3027.12152778,114.625,1697.75,8092.0
2017-04-06,3242.3556338000003,4709.6443662,140.0,1890.67719298,8092.0
2017-04-07,4056.5625,3895.4375,140.0,1038.75694444,8092.0
2017-04-08,3056.67013889,4895.32986111,140.0,839.3090277780001,8092.0
2017-04-09,3780.15625,4171.84375,140.0,1209.20486111,8092.0
2017-04-10,4003.42013889,3951.20486111,137.375,1563.14930556,8092.0
2017-04-11,3377.15679443,4598.55052265,116.292682927,1264.35314685,8092.0
2017-04-12,4295.26388889,3656.73611111,140.0,1045.3125,8092.0
2017-04-13,4627.97887324,3328.35915493,135.66197183100002,1752.07368421,8092.0
2017-04-14,5114.34375,2858.07291667,119.583333333,2673.3125,8092.0
2017-04-15,4049.39930556,3930.60069444,112.0,1005.97916667,8092.0
2017-04-16,3061.86805556,4918.13194444,112.0,564.881944444,8092.0
2017-04-17,3926.26480836,4051.68641115,114.04878048799999,134.96167247399998,8092.0
2017-04-18,4167.78819444,3812.21180556,112.0,214.44791666700002,8092.0
2017-04-19,3979.43402778,3999.27430556,113.291666667,3265.07638889,8092.0
2017-04-20,5751.40277778,2207.83333333,132.763888889,3428.85763889,8092.0
2017-04-21,6401.42708333,1544.25347222,146.319444444,2802.0,8092.0
2017-04-22,4563.16666667,3388.83333333,140.0,2080.90277778,8092.0
2017-04-23,4212.65972222,3739.34027778,140.0,1612.51388889,8092.0
2017-04-24,2672.01736111,5279.98263889,140.0,3270.55902778,8092.0
2017-04-25,3030.97916667,4918.49305556,142.527777778,6543.86805556,8092.0
2017-04-26,4836.80208333,3148.25347222,106.944444444,5448.90972222,8092.0
2017-04-27,4821.34027778,3242.65972222,28.0,5110.26736111,8092.0
2017-04-28,6367.94444444,1695.66666667,28.3888888889,4926.77430556,8092.0
2017-04-29,5575.29824561,2484.37894737,32.3228070175,4117.03135889,8092.0
2017-04-30,3574.63194444,4461.36805556,56.0,3741.91319444,8092.0
2017-05-01,4931.72222222,3104.27777778,56.0,3372.48611111,8092.0
2017-05-02,5353.64583333,2682.35416667,56.0,2970.05208333,8092.0
2017-05-03,4514.63541667,3521.36458333,56.0,2781.47569444,8092.0
2017-05-04,5190.11805556,2845.88194444,56.0,9853.57638889,8092.0
2017-05-05,5383.90625,2652.09375,56.0,5882.41666667,8092.0
2017-05-06,6264.16666667,1758.90277778,68.93055555560001,4918.62847222,8092.0
2017-05-07,3305.20486111,4721.07291667,65.7222222222,698.048611111,8092.0
2017-05-08,4270.59722222,3757.13888889,64.2638888889,11772.763888899999,8092.0
2017-05-09,4536.04513889,3415.07986111,140.875,1042.68181818,8092.0
2017-05-10,4062.89930556,3837.47569444,191.625,5927.72588832,8092.0
2017-05-11,3942.29861111,4093.70138889,56.0,1086.08571429,8092.0
2017-05-12,3009.85763889,5026.14236111,56.0,1539.06589147,8092.0
2017-05-13,3143.32291667,4892.67708333,56.0,80.60773480659999,8092.0
2017-05-14,4923.36111111,3089.20833333,79.43055555560001,13312.2417582,8092.0
2017-05-15,4570.02777778,3437.97222222,84.0,26744.9169675,8092.0
2017-05-16,6842.39930556,1165.60069444,84.0,31299.2256944,8092.0
2017-05-17,5724.80902778,2283.19097222,84.0,23206.340277799998,8092.0
2017-05-18,6201.73958333,1791.77430556,98.4861111111,23039.46875,8092.0
2017-05-19,5922.44444444,2057.55555556,112.0,18615.152777799998,8092.0
2017-05-20,5319.69791667,2660.30208333,112.0,14549.947916699999,8092.0
2017-05-21,5051.89930556,2928.10069444,112.0,11875.548611100001,8092.0
2017-05-22,4794.34027778,3185.65972222,112.0,11816.5833333,8092.0
2017-05-23,6567.64236111,1412.35763889,112.0,16291.3819444,8092.0
2017-05-24,5919.01736111,2060.98263889,112.0,7117.75347222,8092.0
2017-05-25,5520.64583333,2459.35416667,112.0,11013.0729167,8092.0
2017-05-26,3222.57291667,4717.17708333,152.25,7828.25694444,8092.0
2017-05-27,1921.76388889,6057.75,112.486111111,60.8368055556,8092.0
2017-05-28,1775.59027778,6204.40972222,112.0,38.0798611111,8092.0
2017-05-29,944.3125,7035.6875,112.0,151.94472361799998,8092.0
2017-05-30,2777.36585366,5200.95470383,113.679442509,325.118055556,8092.0
2017-05-31,3967.81944444,4015.29166667,108.888888889,518.727272727,8092.0
2017-06-01,2971.77083333,5036.22916667,84.0,611.305882353,8092.0
2017-06-02,6138.48958333,1843.55208333,109.958333333,2485.54615385,8092.0
2017-06-03,4652.68881119,3327.31118881,112.0,7268.30555556,8092.0
2017-06-04,3679.23611111,4300.76388889,112.0,7847.09722222,8092.0
2017-06-05,4626.12152778,3353.87847222,112.0,8913.35763889,8092.0
2017-06-06,5689.59375,2290.40625,112.0,10130.173611100001,8092.0
2017-06-07,6889.04513889,1090.95486111,112.0,20578.965277799998,8092.0
2017-06-08,6156.72916667,1822.6875,112.583333333,63206.3715278,8092.0
2017-06-09,5549.22916667,2161.07638889,381.694444444,36502.649305599996,8092.0
2017-06-10,6041.78125,1914.20486111,136.013888889,25371.5868056,8092.0
2017-06-11,6924.31597222,1000.46180556,167.222222222,14679.4652778,8092.0
2017-06-12,6533.76041667,1390.23958333,168.0,21451.46875,8092.0
2017-06-13,4771.16319444,3152.83680556,168.0,18725.9618056,8092.0
2017-06-14,5992.18466899,1907.42508711,192.390243902,30450.2256944,8092.0
2017-06-15,5899.92361111,1884.07638889,308.0,62631.293706300006,8092.0
2017-06-16,4215.37847222,3577.46875,299.152777778,60105.0070671,8092.0
2017-06-17,4956.28472222,2855.71527778,280.0,57039.98611109999,8092.0
2017-06-18,4899.26041667,2912.73958333,280.0,52169.52777780001,8092.0
2017-06-19,4841.2195122,2970.7804878,280.0,31700.738676,8092.0
2017-06-20,5415.83333333,2396.16666667,280.0,29767.371527799998,8092.0
2017-06-21,6145.81944444,1666.18055556,280.0,26702.6631944,8092.0
2017-06-22,6219.08741259,1592.91258741,280.0,20936.753472200002,8092.0
2017-06-23,5310.18947368,2501.81052632,280.0,13929.571428600002,8092.0
2017-06-24,5992.73611111,1819.26388889,280.0,12745.4791667,8092.0
2017-06-25,5573.04513889,2238.95486111,280.0,8353.86458333,8092.0
2017-06-26,4831.00694444,2980.99305556,280.0,9291.37847222,8092.0
2017-06-27,5606.11805556,2210.54861111,275.333333333,7997.30555556,8092.0
2017-06-28,4625.67361111,3270.32638889,196.0,8759.04513889,8092.0
2017-06-29,4418.81881533,3476.88850174,196.29268292700002,12082.571929799999,8092.0
2017-06-30,4422.9375,3473.0625,196.0,11167.524305600002,8092.0
2017-07-01,4471.71527778,3424.28472222,196.0,5293.45486111,8092.0
2017-07-02,4937.23958333,2958.76041667,196.0,3198.21527778,8092.0
2017-07-03,3946.20486111,3949.79513889,196.0,2778.23611111,8092.0
2017-07-04,6465.71180556,1430.28819444,196.0,2500.17708333,8092.0
2017-07-05,6494.48611111,1398.20833333,199.30555555599997,1799.25347222,8092.0
2017-07-06,5126.33680556,2738.35763889,227.30555555599997,1891.04166667,8092.0
2017-07-07,3039.24305556,4346.24305556,706.513888889,4248.27777778,8092.0
2017-07-08,5134.00694444,2822.17361111,135.819444444,1039.10416667,8092.0
2017-07-09,5029.65156794,2978.34843206,84.0,817.9722222219999,8092.0
2017-07-10,6216.20833333,1791.79166667,84.0,579.569444444,8092.0
2017-07-11,6236.19791667,1758.42013889,97.3819444444,657.503649635,8092.0
2017-07-12,6963.424561399999,998.694736842,129.880701754,511.637681159,8092.0
2017-07-13,6591.96875,1386.67013889,113.361111111,1184.0245098,8092.0
2017-07-14,6834.15625,1145.84375,112.0,247.41552511400002,8092.0
2017-07-15,4188.18402778,3791.81597222,112.0,100.22399999999999,8092.0
2017-07-16,4479.76736111,3500.23263889,112.0,88.51079136690001,8092.0
2017-07-17,4405.47916667,3574.52083333,112.0,3358.88848921,8092.0
2017-07-18,4015.22916667,3964.77083333,112.0,589.40625,8092.0
2017-07-19,5519.53125,2463.67708333,108.791666667,414.09920634900004,8092.0
2017-07-20,5210.0625,2769.9375,112.0,1161.22594142,8092.0
2017-07-21,4215.08333333,3764.91666667,112.0,484.33333333300004,8092.0
2017-07-22,4537.8125,3442.1875,112.0,326.677083333,8092.0
2017-07-23,3786.14236111,4193.85763889,112.0,261.975694444,8092.0
2017-07-24,2899.20833333,5080.79166667,112.0,442.51388888900004,8092.0
2017-07-25,4546.08333333,3433.91666667,112.0,343.875,8092.0
2017-07-26,6024.74305556,1955.25694444,112.0,1810.65277778,8092.0
2017-07-27,5295.59722222,2699.56944444,96.8333333333,2874.35416667,8092.0
2017-07-28,5515.99305556,2520.00694444,56.0,5957.18402778,8092.0
2017-07-29,4993.05902778,3042.94097222,56.0,7073.375,8092.0
2017-07-30,6868.27777778,1167.72222222,56.0,3991.87152778,8092.0
2017-07-31,7045.11111111,990.888888889,56.0,3915.62152778,8092.0
2017-08-01,4099.13194444,3936.86805556,56.0,7645.12152778,8092.0
2017-08-02,5871.80208333,2164.19791667,56.0,8282.07986111,8092.0
2017-08-03,6458.26041667,1577.73958333,56.0,4291.34722222,8092.0
2017-08-04,4885.24305556,3150.75694444,56.0,3453.0625,8092.0
2017-08-05,5101.99652778,2819.28125,170.722222222,379.94791666699996,8092.0
2017-08-06,3574.63888889,4348.29166667,169.069444444,227.66666666700002,8092.0
2017-08-07,4459.44444444,3492.55555556,140.0,647.759581882,8092.0
2017-08-08,7048.15972222,903.8402777780001,140.0,7346.32867133,8092.0
2017-08-09,5894.28472222,2058.6875,139.027777778,6611.44444444,8092.0
2017-08-10,3924.50694444,4027.49305556,140.0,1322.76736111,8092.0
2017-08-11,2472.56944444,5479.43055556,140.0,366.444444444,8092.0
2017-08-12,2029.05902778,5922.94097222,140.0,248.57986111099999,8092.0
2017-08-13,2491.95486111,5460.04513889,140.0,186.090277778,8092.0
2017-08-14,4467.31944444,3484.68055556,140.0,343.85416666699996,8092.0
2017-08-15,5738.03472222,2213.96527778,140.0,839.201388889,8092.0
2017-08-16,4819.14236111,3130.71875,142.138888889,720.59375,8092.0
2017-08-17,5108.69791667,2852.14930556,131.152777778,3274.18055556,8092.0
2017-08-18,3823.93055556,4156.06944444,112.0,721.451388889,8092.0
2017-08-19,2566.44791667,5413.55208333,112.0,227.35763888900001,8092.0
2017-08-20,1884.82986111,6095.17013889,112.0,222.36458333299998,8092.0
2017-08-21,5189.67361111,2790.32638889,112.0,541.927083333,8092.0
2017-08-22,5729.16724739,2241.0174216,121.81533101,841.487562189,8092.0
2017-08-23,4954.61805556,2992.42361111,144.95833333299998,450.40579710099996,8092.0
2017-08-24,4325.60069444,3626.39930556,140.0,2954.47222222,8092.0
2017-08-25,5670.85416667,2281.14583333,140.0,1046.27430556,8092.0
2017-08-26,5449.77430556,2502.22569444,140.0,2576.14155251,8092.0
2017-08-27,5796.28125,2155.71875,140.0,1989.39545455,8092.0
2017-08-28,5847.79166667,2104.20833333,140.0,1866.5,8092.0
2017-08-29,5953.82986111,2007.98958333,130.180555556,1809.89930556,8092.0
2017-08-30,4685.10069444,3294.89930556,112.0,1264.67361111,8092.0
2017-08-31,4266.49652778,3713.50347222,112.0,1129.76736111,8092.0
2017-09-01,3851.36805556,4124.0625,116.569444444,1069.50347222,8092.0
2017-09-02,2206.22222222,5773.77777778,112.0,275.583333333,8092.0
2017-09-03,1661.92013889,6318.07986111,112.0,219.45833333299998,8092.0
2017-09-04,1674.59722222,6305.40277778,112.0,42.924528301900004,8092.0
2017-09-05,4202.72569444,3777.27430556,112.0,1984.82608696,8092.0
2017-09-06,5315.55902778,2664.44097222,112.0,18772.034722200002,8092.0
2017-09-07,5774.60763889,2205.39236111,112.0,5298.11458333,8092.0
2017-09-08,6206.38888889,1773.61111111,112.0,5882.29861111,8092.0
2017-09-09,6135.72916667,1844.27083333,112.0,945.6043956039999,8092.0
2017-09-10,5564.59722222,2370.38888889,157.013888889,199.863636364,8092.0
2017-09-11,4003.14930556,3769.28125,319.569444444,1082.94470046,8092.0
2017-09-12,4896.21527778,2803.78472222,392.0,4746.68487395,8092.0
2017-09-13,5681.07986111,2018.92013889,392.0,4228.28125,8092.0
2017-09-14,6207.22569444,1492.77430556,392.0,3653.28819444,8092.0
2017-09-15,5356.19097222,2343.80902778,392.0,4249.51041667,8092.0
2017-09-16,2747.51388889,4952.48611111,392.0,1975.55208333,8092.0
2017-09-17,3566.48958333,4133.51041667,392.0,1766.84375,8092.0
2017-09-18,5001.70138889,2959.4375,392.0,3435.58333333,8353.13888889
2017-09-19,7260.76041667,2636.75347222,406.48611111099996,4353.11111111,10304.0
2017-09-20,5635.27430556,4273.80902778,394.91666666699996,3812.34375,10304.0
2017-09-21,6336.22569444,3547.77430556,420.0,8898.08680556,10304.0
2017-09-22,4732.13541667,5135.72569444,436.13888888900004,7616.40625,10304.0
2017-09-23,4706.86062718,5150.70034843,446.43902439,7924.53125,10304.0
2017-09-24,2939.09574468,6916.90425532,448.0,4614.29268293,10304.0
2017-09-25,6229.56939502,3588.96441281,485.466192171,5402.83680556,10304.0
2017-09-26,6612.40925267,3190.38078292,463.34519573,7556.38732394,10266.135231299999
2017-09-27,6577.78125,3506.01041667,80.2083333333,3640.97916667,10164.0
2017-09-28,4698.70486111,5387.12847222,78.1666666667,2565.13888889,10164.0
2017-09-29,4914.68402778,5190.39930556,58.9166666667,2475.34027778,10164.0
2017-09-30,2753.22916667,7354.77083333,56.0,1947.18402778,10164.0
2017-10-01,2242.25347222,7865.74652778,56.0,739.7465277780001,10164.0
2017-10-02,1247.26132404,8860.73867596,56.0,978.43554007,10164.0
2017-10-03,2418.92708333,7689.07291667,56.0,363.90972222199997,10164.0
2017-10-04,1433.71180556,8665.34375,64.94444444439999,617.732638889,10164.0
2017-10-05,2770.20138889,7293.50347222,100.295138889,8434.86805556,10164.0
2017-10-06,3850.93055556,6076.91666667,236.152777778,6988.69444444,10164.0
2017-10-07,2917.54513889,7145.44097222,101.013888889,7295.81597222,10164.0
2017-10-08,2522.69791667,7529.30208333,112.0,6018.50694444,10164.0
2017-10-09,2476.24652778,7597.62847222,90.125,5105.71527778,10164.0
2017-10-10,3897.90625,6210.09375,56.0,5259.32638889,10164.0
2017-10-11,3059.35763889,7048.64236111,56.0,4986.25694444,10164.0
2017-10-12,3874.86458333,6233.13541667,56.0,5221.04861111,10164.0
2017-10-13,4254.1875,5837.57638889,72.2361111111,5277.5,10164.0
2017-10-14,3460.68402778,6646.53819444,56.7777777778,4534.69791667,10164.0
2017-10-15,1901.26736111,8206.73263889,56.0,5234.48611111,10164.0
2017-10-16,1457.74652778,8650.25347222,56.0,4592.95486111,10164.0
2017-10-17,2098.75,8009.25,56.0,5949.88541667,10164.0
2017-10-18,2829.76388889,7277.84722222,56.388888888900006,5310.62152778,10164.0
2017-10-19,2208.13541667,7899.86458333,56.0,4645.17013889,10164.0
2017-10-20,2947.99652778,7160.00347222,56.0,4633.39236111,10164.0
2017-10-21,3303.86805556,6804.13194444,56.0,4908.86111111,10164.0
2017-10-22,3612.8125,6495.1875,56.0,5706.32291667,10164.0
2017-10-23,3259.48958333,6848.51041667,56.0,4976.53819444,10164.0
2017-10-24,4706.11458333,5383.12152778,74.7638888889,5294.67361111,10164.0
2017-10-25,4729.26022305,5376.97026022,57.769516728599996,6386.3866171,10164.0
2017-10-26,4593.23611111,5480.93055556,89.8333333333,5089.10069444,10164.0
2017-10-27,4545.50347222,5562.49652778,56.0,4994.12847222,10164.0
2017-10-28,5934.48611111,4173.51388889,56.0,9813.0,10164.0
2017-10-29,7439.86111111,2668.13888889,56.0,14461.46875,10164.0
2017-10-30,8599.41319444,1508.58680556,56.0,10108.743055600002,10164.0
2017-10-31,8711.59027778,1396.40972222,56.0,5544.68558952,10164.0
2017-11-01,7569.54513889,2538.45486111,56.0,9326.34027778,10164.0
2017-11-02,8706.07986111,1401.92013889,56.0,5642.86458333,10164.0
2017-11-03,6613.73611111,3494.26388889,56.0,2345.71527778,10164.0
2017-11-04,3467.43402778,6640.56597222,56.0,787.184210526,10164.0
2017-11-05,4582.22569444,5525.77430556,56.0,85.4439252336,10164.0
2017-11-06,4744.38888889,5341.25,78.3611111111,335.526829268,10164.0
2017-11-07,4972.69791667,5026.41319444,164.888888889,1652.39506173,10164.0
2017-11-08,3517.45486111,6396.00347222,250.54166666700002,2554.49305556,10164.0
2017-11-09,3687.49652778,6268.05902778,208.44444444400003,955.4027777780001,10164.0
2017-11-10,4790.85416667,4730.89583333,642.25,326.53125,10164.0
2017-11-11,4650.3125,4701.6875,812.0,264.92013888900004,10164.0
2017-11-12,1858.89236111,7398.99652778,906.111111111,32.3240740741,10164.0
2017-11-13,2664.88194444,6610.02083333,889.0972222219999,1043.14173228,10164.0
2017-11-14,7258.05555556,2681.94444444,224.0,901.857638889,10164.0
2017-11-15,7345.79513889,2611.99652778,206.20833333299998,3317.37152778,10164.0
2017-11-16,6495.96180556,3445.59375,161.194444444,6474.0,10102.75
2017-11-17,4953.625,4817.76388889,140.611111111,5513.17361111,9912.0
2017-11-18,6315.77777778,3434.99305556,161.22916666700002,20067.763888900005,9912.0
2017-11-19,6523.22164948,3222.34020619,166.43814433,49188.340206199995,9912.0
2017-11-20,8634.63157895,1109.36842105,168.0,23216.657894699998,9912.0
2017-11-21,8267.19791667,1476.80208333,168.0,22350.8229167,9912.0
2017-11-22,7214.10069444,2529.89930556,168.0,9130.86111111,9912.0
2017-11-23,5527.15625,4216.84375,168.0,10795.5208333,9912.0
2017-11-24,3135.85416667,6608.14583333,168.0,2516.83680556,9912.0
2017-11-25,4083.93055556,5660.06944444,168.0,5373.54861111,9912.0
2017-11-26,3859.26736111,5884.73263889,168.0,1262.57638889,9912.0
2017-11-27,6337.22569444,3381.69791667,193.07638888900001,1261.49541284,9912.0
2017-11-28,5743.60416667,3843.26736111,325.128472222,2722.38541667,9912.0
2017-11-29,5958.04513889,3400.30555556,553.649305556,3006.61805556,9912.0
2017-11-30,4668.58680556,5026.12152778,217.29166666700002,4929.06578947,9912.0
2017-12-01,3743.52083333,5965.09027778,203.38888888900001,574.768211921,9912.0
2017-12-02,5942.63541667,3772.39236111,196.972222222,143.35526315799999,9912.0
2017-12-03,3864.70138889,5836.32638889,210.972222222,92.8189655172,9912.0
2017-12-04,6544.24305556,3146.47916667,221.277777778,447.572164948,9912.0
2017-12-05,8254.41319444,1451.28125,206.30555555599997,8156.15416667,9912.0
2017-12-06,6674.74305556,3045.53472222,191.722222222,5448.47222222,9912.0
2017-12-07,5697.49652778,4024.62847222,189.875,4111.76388889,9912.0
2017-12-08,6534.90277778,3181.09722222,196.0,2556.28819444,9912.0
2017-12-09,4519.125,5203.09722222,189.777777778,676.414096916,9912.0
2017-12-10,5280.52083333,4409.61805556,221.86111111099999,627.3947368419999,9912.0
2017-12-11,4457.93055556,5240.27777778,213.79166666700002,1910.17721519,9912.0
2017-12-12,6403.48611111,3308.43055556,200.08333333299998,1320.34759358,9912.0
2017-12-13,5792.21527778,3951.49305556,168.29166666700002,2945.91319444,9912.0
2017-12-14,3972.30208333,5801.44791667,138.25,1355.01388889,9912.0
2017-12-15,1738.22916667,8033.77083333,140.0,316.784722222,9912.0
2017-12-16,1293.52430556,8478.47569444,140.0,294.982222222,9912.0
2017-12-17,892.736111111,8879.26388889,140.0,466.34862385300005,9912.0
2017-12-18,1421.41666667,8350.58333333,140.0,1520.23863636,9912.0
2017-12-19,4710.58680556,5061.41319444,140.0,7950.69791667,9912.0
2017-12-20,3626.73263889,6145.26736111,140.0,6881.82986111,9912.0
2017-12-21,4609.84375,5162.15625,140.0,9135.28472222,9912.0
2017-12-22,3504.57291667,6267.42708333,140.0,6679.17708333,9912.0
2017-12-23,2434.92361111,7337.07638889,140.0,6267.89430894,9912.0
2017-12-24,3248.37152778,6523.62847222,140.0,311.837606838,9912.0
2017-12-25,1965.23263889,7806.76736111,140.0,295.251851852,9912.0
2017-12-26,3869.80555556,5902.19444444,140.0,1041.69444444,9912.0
2017-12-27,3625.30555556,6146.69444444,140.0,543.052083333,9912.0
2017-12-28,2417.77430556,7354.22569444,140.0,215.97395833299998,9912.0
2017-12-29,2913.74305556,6858.25694444,140.0,104.055793991,9912.0
2017-12-30,1937.64236111,7834.35763889,140.0,103.656410256,9912.0
2017-12-31,1317.29166667,8454.70833333,140.0,1743.81818182,9912.0
2018-01-01,1300.88888889,8471.11111111,140.0,34.3543307087,9912.0
2018-01-02,1460.82986111,8315.05902778,136.111111111,84.2291666667,9912.0
2018-01-03,3210.27777778,6568.33333333,133.388888889,24.71875,9912.0
2018-01-04,3160.77430556,6611.22569444,140.0,2097.56069364,9912.0
2018-01-05,2594.12152778,7177.87847222,140.0,1687.38888889,9912.0
2018-01-06,3546.625,6225.375,140.0,1090.96527778,9912.0
2018-01-07,1183.03472222,8588.96527778,140.0,450.611721612,9912.0
2018-01-08,1349.53125,8422.46875,140.0,787.464788732,9912.0
2018-01-09,2366.85416667,7378.21527778,166.930555556,2381.94979079,9912.0
2018-01-10,4422.17361111,5276.32638889,213.5,4547.08333333,9912.0
2018-01-11,2564.49652778,7151.50347222,196.0,3894.46180556,9912.0
2018-01-12,2850.60416667,6865.39583333,196.0,2456.55902778,9912.0
2018-01-13,4775.38194444,4911.64583333,224.972222222,1508.59722222,9912.0
2018-01-14,4627.03472222,5032.96527778,252.0,1142.51388889,9912.0
2018-01-15,4341.31944444,5318.68055556,252.0,2862.98263889,9912.0
2018-01-16,5662.5,3997.5,252.0,5525.63888889,9912.0
2018-01-17,5510.61111111,4149.38888889,252.0,4351.73611111,9912.0
2018-01-18,3274.11111111,6408.34722222,229.54166666700002,2890.39236111,9912.0
2018-01-19,5265.73958333,4506.26041667,140.0,5130.51736111,9912.0
2018-01-20,5173.21527778,4598.78472222,140.0,8104.96875,9912.0
2018-01-21,4006.52430556,5765.47569444,140.0,7861.22569444,9912.0
2018-01-22,5713.14583333,4060.3125,138.54166666700002,14268.791666699999,9912.0
2018-01-23,6097.80902778,3674.19097222,140.0,73182.7951389,9912.0
2018-01-24,4003.5625,5779.32638889,129.111111111,92586.1145833,9912.0
2018-01-25,6759.54166667,3068.14583333,84.3125,81286.1215278,9912.0
2018-01-26,7515.57638889,2312.42361111,84.0,56604.916666699995,9912.0
2018-01-27,8165.70833333,1662.29166667,84.0,26180.2395833,9912.0
2018-01-28,4635.85069444,5192.14930556,84.0,2892.67592593,9912.0
2018-01-29,4108.25,5719.75,84.0,1188.26984127,9912.0
2018-01-30,5295.19791667,4511.13888889,105.663194444,1396.8988764,9912.0
2018-01-31,4473.89679715,5354.10320285,84.0,1285.01067616,9912.0
2018-02-01,4428.47463768,5399.52536232,84.0,1937.53623188,9912.0
2018-02-02,7472.03557312,2355.96442688,84.0,2409.51383399,9912.0
2018-02-03,3534.6975089000002,6292.90391459,84.3985765125,664.571428571,9912.0
2018-02-04,2993.55902778,6834.44097222,84.0,1344.28125,9912.0
2018-02-05,5211.14583333,4589.82638889,111.02777777799999,3774.29515419,9912.0
2018-02-06,8413.5625,1386.4375,112.0,5959.57291667,9912.0
2018-02-07,7393.46875,2406.47916667,112.052083333,4938.55555556,9912.0
2018-02-08,7878.21180556,1920.75,113.038194444,3895.93402778,9912.0
2018-02-09,6095.10416667,3704.89583333,112.0,1983.60377358,9912.0
2018-02-10,6159.23958333,3640.76041667,112.0,3719.84722222,9912.0
2018-02-11,8404.87152778,1395.12847222,112.0,59276.461805599996,9912.0
2018-02-12,6630.60763889,3169.39236111,112.0,46703.3854167,9912.0
2018-02-13,6578.67361111,3221.32638889,112.0,11845.6527778,9912.0
2018-02-14,7625.33333333,2174.66666667,112.0,10530.5208333,9912.0
2018-02-15,5662.74652778,4137.25347222,112.0,5612.98263889,9912.0
2018-02-16,3437.07986111,6362.92013889,112.0,4021.57638889,9912.0
2018-02-17,5423.51438849,4376.48561151,112.0,8082.80215827,9912.0
2018-02-18,4449.60069444,5350.39930556,112.0,2324.55208333,9912.0
2018-02-19,5372.54861111,4426.09027778,113.361111111,1496.96875,9912.0
2018-02-20,7679.05902778,2075.68055556,113.024305556,2673.74305556,9867.76388889
2018-02-21,2268.31597222,7389.83680556,113.84722222200001,2695.08680556,9772.0
2018-02-22,3587.95412844,6044.04587156,140.0,186.334862385,9772.0
2018-02-23,3773.88659794,5858.11340206,140.0,38.608247422699996,9772.0
2018-02-24,3319.72222222,6312.27777778,140.0,38.1701388889,9772.0
2018-02-25,2613.88888889,7018.11111111,140.0,75.05555555560001,9772.0
2018-02-26,4711.08333333,4920.91666667,140.0,437.44791666699996,9772.0
2018-02-27,3027.36458333,6604.63541667,140.0,96.93402777780001,9772.0
2018-02-28,4947.88194444,4684.11805556,140.0,2934.625,9772.0
2018-03-01,4635.57446809,4998.21276596,138.21276595700002,7419.89716312,9772.0
2018-03-02,8274.28723404,1413.71276596,84.0,3033.77304965,9772.0
2018-03-03,6998.28472222,2689.71527778,84.0,2599.13541667,9772.0
2018-03-04,2993.82986111,6694.17013889,84.0,40.9479166667,9772.0
2018-03-05,1908.73611111,7779.26388889,84.0,85.7048611111,9772.0
2018-03-06,3154.37847222,6533.62152778,84.0,226.26736111099999,9772.0
2018-03-07,5122.24305556,4565.75694444,84.0,198.15625,9772.0
2018-03-08,3394.19791667,6230.51041667,147.29166666700002,6891.36805556,9772.0
2018-03-09,4144.41319444,5416.32291667,211.26388888900001,5583.01041667,9772.0
2018-03-10,7537.01388889,2150.98611111,84.0,311.45138888900004,9772.0
2018-03-11,6202.66319444,3485.33680556,84.0,809.8993055560001,9772.0
2018-03-12,5238.21875,4427.71180556,106.069444444,232.38194444400003,9772.0
2018-03-13,8982.07986111,677.920138889,112.0,35398.913194400004,9772.0
2018-03-14,5735.42708333,3902.60069444,133.972222222,12984.9270833,9772.0
2018-03-15,4975.27777778,4656.72222222,140.0,213.559027778,9772.0
2018-03-16,4626.55902778,5005.44097222,140.0,254.18055555599997,9772.0
2018-03-17,7003.08680556,2628.91319444,140.0,139.305555556,9772.0
2018-03-18,3993.93402778,5638.06597222,140.0,174.80555555599997,9772.0
2018-03-19,4700.88888889,4931.11111111,140.0,1038.53125,9772.0
2018-03-20,7824.10763889,1827.04513889,120.84722222200001,47319.99652780001,9772.0
2018-03-21,6686.40625,2995.27430556,90.3194444444,23539.6319444,9772.0
2018-03-22,7757.79047619,1902.20952381,112.0,4540.81904762,9772.0
2018-03-23,4962.28125,4697.71875,112.0,2039.71180556,9772.0
2018-03-24,5009.13541667,4650.86458333,112.0,992.989583333,9772.0
2018-03-25,1580.97916667,8079.02083333,112.0,163.381944444,9772.0
2018-03-26,3049.98958333,6610.01041667,112.0,507.84027777800003,9772.0
2018-03-27,3952.90441176,5706.96691176,112.128676471,752.268382353,9772.0
2018-03-29,4540.74712644,5103.8045977,127.448275862,351.17241379300003,9772.0
2018-03-30,2772.88461538,6831.66783217,167.44755244799998,506.213286713,9772.0
2018-03-31,2227.16319444,7292.83680556,252.0,251.54166666700002,9772.0
2018-04-01,1300.95138889,8219.04861111,252.0,257.569444444,9772.0
2018-04-02,3345.42013889,6174.57986111,252.0,577.388888889,9772.0
2018-04-03,4111.53819444,5408.36458333,252.097222222,590.388888889,9772.0
2018-04-04,5708.27430556,3786.76388889,276.961805556,316.875,9772.0
2018-04-05,6394.17708333,3069.82291667,308.0,691.3819444439999,9772.0
2018-04-06,3558.01388889,5992.51388889,221.472222222,210.309027778,9772.0
2018-04-07,2153.03125,7534.96875,84.0,76.6354166667,9772.0
2018-04-08,2355.12847222,7332.87152778,84.0,66.9826388889,9772.0
2018-04-09,2163.96180556,7509.45486111,98.5833333333,85.7847222222,9772.0
2018-04-10,2376.5625,7246.39583333,149.04166666700002,166.08333333299998,9772.0
2018-04-11,6257.4375,3346.5625,168.0,3651.34375,9772.0
2018-04-12,3848.5,5755.5,168.0,1024.69097222,9772.0
2018-04-13,3456.36111111,6147.63888889,168.0,74.5138888889,9772.0
2018-04-14,2727.39930556,6876.60069444,168.0,583.361111111,9772.0
2018-04-15,3476.83680556,6127.16319444,168.0,723.6493055560001,9772.0
2018-04-16,3841.3125,5762.6875,168.0,867.8472222219999,9772.0
2018-04-17,4281.58680556,5312.01041667,178.402777778,995.5625,9772.0
2018-04-18,4460.32291667,5115.67708333,196.0,705.385416667,9772.0
2018-04-19,3592.51736111,5983.48263889,196.0,1745.04513889,9772.0
2018-04-20,1888.36805556,7687.63194444,196.0,1159.99652778,9772.0
2018-04-21,894.333333333,8681.66666667,196.0,590.1875,9772.0
2018-04-22,1225.42708333,8344.73958333,201.83333333299998,4144.4375,9772.0
2018-04-23,3920.70833333,5637.98611111,213.30555555599997,973.295138889,9772.0
2018-04-24,5772.79861111,3772.93402778,226.26736111099999,1068.38194444,9772.0
2018-04-25,4195.90972222,5289.5625,286.527777778,1053.23263889,9772.0
2018-04-26,5443.88541667,3991.72569444,336.38888888900004,1374.46875,9772.0
2018-04-27,7346.56597222,2005.43402778,420.0,3121.07638889,9772.0
2018-04-28,4466.84027778,4865.13194444,440.02777777800003,932.3715277780001,9772.0
2018-04-29,2241.02777778,7082.97222222,448.0,791.361111111,9772.0
2018-04-30,2467.59375,6837.57291667,466.83333333300004,85.625,9772.0
2018-05-01,4848.38888889,4379.09027778,544.520833333,1688.85069444,9772.0
2018-05-02,4918.84375,4603.87847222,249.277777778,1102.10069444,9772.0
2018-05-03,5385.87152778,4069.12152778,317.006944444,3048.76041667,9772.0
2018-05-04,4880.55208333,4522.76388889,368.68402777800003,2099.86111111,9772.0
2018-05-05,4299.62152778,5158.80555556,313.572916667,1261.59375,9772.0
2018-05-06,3464.21180556,6052.21875,255.56944444400003,246.59375,9772.0
2018-05-07,5818.55555556,3740.85763889,212.58680555599997,8747.23958333,9772.0
2018-05-08,7796.14583333,1807.89583333,167.95833333299998,26464.71875,9772.0
2018-05-09,7025.1875,2527.50694444,219.30555555599997,36215.15625,9772.0
2018-05-10,7192.81944444,2211.48611111,367.694444444,35048.2291667,9772.0
2018-05-11,7383.70833333,2241.09722222,147.194444444,26914.309027799998,9772.0
2018-05-12,6723.14236111,2739.02430556,309.833333333,14945.864583300001,9772.0
2018-05-13,7299.56597222,2136.43402778,336.0,3044.24305556,9772.0
2018-05-14,3731.82291667,5722.64930556,317.527777778,398.555555556,9772.0
2018-05-15,7263.36111111,2239.23611111,269.402777778,7103.06944444,9772.0
2018-05-16,7435.49305556,1970.17361111,366.33333333300004,17675.1041667,9772.0
2018-05-17,8436.04513889,1137.59375,198.36111111099999,23938.434027799998,9772.0
2018-05-18,8215.62152778,1360.37847222,196.0,20766.642361099995,9772.0
2018-05-19,8027.71180556,1548.28819444,196.0,11332.986111100001,9772.0
2018-05-20,8765.05555556,810.9444444439999,196.0,30578.6006944,9772.0
2018-05-21,8149.34375,1426.65625,196.0,45264.90277780001,9772.0
2018-05-22,8114.93055556,1461.06944444,196.0,5540.71527778,9772.0
2018-05-23,7788.22033898,1770.45762712,213.322033898,4203.85169492,9772.0
2018-05-25,8193.53846154,1350.15384615,228.307692308,5686.69230769,9772.0
2018-05-26,5970.07638889,3577.92361111,224.0,4785.98263889,9772.0
2018-05-27,6781.375,2766.625,224.0,13491.6319444,9772.0
2018-05-28,7262.59027778,2285.40972222,224.0,5738.75,9772.0
2018-05-29,7085.32291667,2462.67708333,224.0,2063.92013889,9772.0
2018-05-30,5784.02836879,3763.97163121,224.0,957.921708185,9772.0
2018-05-31,4657.01075269,4890.98924731,224.0,4615.37634409,9772.0
