status,date,cores
alloc,2016-09-10,0.0
alloc,2016-09-11,0.0
alloc,2016-09-12,0.0416666666667
alloc,2016-09-13,15.9930555556
alloc,2016-09-14,10.53125
alloc,2016-09-15,0.0
alloc,2016-09-16,0.0
alloc,2016-09-17,0.0
alloc,2016-09-18,0.0
alloc,2016-09-19,0.0
alloc,2016-09-20,9.8701754386
alloc,2016-09-21,15.5625
alloc,2016-09-22,44.0243055556
alloc,2016-09-23,299.052083333
alloc,2016-09-24,16.5277777778
alloc,2016-09-25,105.972222222
alloc,2016-09-26,4388.02777778
alloc,2016-09-27,1649.16901408
alloc,2016-09-28,906.667857143
alloc,2016-09-29,4027.42028986
alloc,2016-09-30,1353.05902778
alloc,2016-10-01,8974.62847222
alloc,2016-10-02,8960.0
alloc,2016-10-03,4825.20833333
alloc,2016-10-04,8687.04513889
alloc,2016-10-05,6578.07307692
alloc,2016-10-06,346.191637631
alloc,2016-10-07,1636.89198606
alloc,2016-10-08,4641.66319444
alloc,2016-10-09,5795.22222222
alloc,2016-10-10,5600.68531469
alloc,2016-10-11,9592.375
alloc,2016-10-12,8354.81428571
alloc,2016-10-13,4820.51929825
alloc,2016-10-14,5950.48611111
alloc,2016-10-15,7521.69444444
alloc,2016-10-16,3502.43055556
alloc,2016-10-17,4308.09756098
alloc,2016-10-18,5131.19444444
alloc,2016-10-19,9281.94097222
alloc,2016-10-20,6377.99652778
alloc,2016-10-21,9148.22222222
alloc,2016-10-22,7943.93055556
alloc,2016-10-23,6698.33333333
alloc,2016-10-24,7489.22222222
alloc,2016-10-25,3804.5
alloc,2016-10-26,4234.38888889
alloc,2016-10-27,7688.73611111
alloc,2016-10-28,7035.01736111
alloc,2016-10-29,8645.42361111
alloc,2016-10-30,8099.09027778
alloc,2016-10-31,8041.73611111
alloc,2016-11-01,6114.45833333
alloc,2016-11-02,6279.19444444
alloc,2016-11-03,4307.80208333
alloc,2016-11-04,4689.80902778
alloc,2016-11-05,2551.05555556
alloc,2016-11-06,7435.5
alloc,2016-11-07,1590.73611111
alloc,2016-11-08,1141.28472222
alloc,2016-11-09,3522.68989547
alloc,2016-11-10,6735.27777778
alloc,2016-11-11,6807.95121951
alloc,2016-11-12,9524.18085106
alloc,2016-11-13,8151.26041667
alloc,2016-11-14,6794.19444444
alloc,2016-11-15,7896.55944056
alloc,2016-11-16,6910.58680556
alloc,2016-11-17,6538.69791667
alloc,2016-11-18,6796.25
alloc,2016-11-19,5973.57458564
alloc,2016-11-20,5277.14236111
alloc,2016-11-21,4523.07291667
alloc,2016-11-22,6216.18402778
alloc,2016-11-23,9391.625
alloc,2016-11-24,5148.02777778
alloc,2016-11-25,4590.44791667
alloc,2016-11-26,5651.98611111
alloc,2016-11-27,4471.20905923
alloc,2016-11-28,4087.15277778
alloc,2016-11-29,5067.24738676
alloc,2016-11-30,4999.97222222
alloc,2016-12-01,8382.36563877
alloc,2016-12-02,8224.32986111
alloc,2016-12-03,7847.34722222
alloc,2016-12-04,3274.92361111
alloc,2016-12-05,3482.11458333
alloc,2016-12-06,6675.45833333
alloc,2016-12-07,7919.4020979
alloc,2016-12-08,7737.00347222
alloc,2016-12-09,5921.83333333
alloc,2016-12-10,5118.37847222
alloc,2016-12-11,4513.56794425
alloc,2016-12-12,4557.0625
alloc,2016-12-13,4816.9375
alloc,2016-12-14,3820.59027778
alloc,2016-12-15,4666.39236111
alloc,2016-12-16,4236.59375
alloc,2016-12-17,4614.06944444
alloc,2016-12-18,4070.13888889
alloc,2016-12-19,4780.57986111
alloc,2016-12-20,6599.15625
alloc,2016-12-21,7160.79166667
alloc,2016-12-22,7359.09027778
alloc,2016-12-23,7146.27777778
alloc,2016-12-24,7950.75694444
alloc,2016-12-25,6546.53846154
alloc,2016-12-26,4846.67013889
alloc,2016-12-27,6767.69444444
alloc,2016-12-28,4892.62152778
alloc,2016-12-29,3890.05555556
alloc,2016-12-30,6083.09375
alloc,2016-12-31,2942.71875
alloc,2017-01-01,4014.70486111
alloc,2017-01-02,4855.47222222
alloc,2017-01-03,5274.81597222
alloc,2017-01-04,5708.00694444
alloc,2017-01-05,5402.95486111
alloc,2017-01-06,3049.39583333
alloc,2017-01-07,1537.02083333
alloc,2017-01-08,954.5625
alloc,2017-01-09,1716.75347222
alloc,2017-01-10,2978.68402778
alloc,2017-01-11,2489.06597222
alloc,2017-01-12,2745.8125
alloc,2017-01-13,6343.6875
alloc,2017-01-14,2612.39236111
alloc,2017-01-15,2391.27118644
alloc,2017-01-16,2495.20486111
alloc,2017-01-17,3504.36805556
alloc,2017-01-18,3641.63194444
alloc,2017-01-19,4012.23611111
alloc,2017-01-20,4287.46180556
alloc,2017-01-21,3278.48951049
alloc,2017-01-22,2317.90972222
alloc,2017-01-23,2474.16319444
alloc,2017-01-24,4213.54861111
alloc,2017-01-25,4003.10416667
alloc,2017-01-26,3238.58680556
alloc,2017-01-27,2279.17361111
alloc,2017-01-28,1966.46875
alloc,2017-01-29,2713.70138889
alloc,2017-01-30,3385.38888889
alloc,2017-01-31,4839.42361111
alloc,2017-02-01,4982.65263158
alloc,2017-02-02,4466.53903346
alloc,2017-02-03,0.0
alloc,2017-02-04,0.0
alloc,2017-02-05,440.71875
alloc,2017-02-06,1466.35069444
alloc,2017-02-07,3395.28472222
alloc,2017-02-08,2713.8018018
alloc,2017-02-09,4783.62105263
alloc,2017-02-10,5174.19097222
alloc,2017-02-11,3470.76736111
alloc,2017-02-12,1098.69791667
alloc,2017-02-13,2863.93402778
alloc,2017-02-14,3843.72916667
alloc,2017-02-15,3058.24305556
alloc,2017-02-16,2328.87152778
alloc,2017-02-17,2273.375
alloc,2017-02-18,2827.3125
alloc,2017-02-19,3752.78472222
alloc,2017-02-20,3341.92361111
alloc,2017-02-21,3836.32986111
alloc,2017-02-22,3784.00754717
alloc,2017-02-23,4278.39236111
alloc,2017-02-24,1729.95833333
alloc,2017-02-25,94.0
alloc,2017-02-26,
alloc,2017-02-27,3700.72289157
alloc,2017-02-28,3889.06944444
alloc,2017-03-01,3819.61805556
alloc,2017-03-02,5288.49652778
alloc,2017-03-03,4833.86805556
alloc,2017-03-04,4125.98954704
alloc,2017-03-05,5774.67361111
alloc,2017-03-06,3910.52083333
alloc,2017-03-07,6528.58536585
alloc,2017-03-08,5593.32638889
alloc,2017-03-09,3972.84375
alloc,2017-03-10,2611.82638889
alloc,2017-03-11,3723.81597222
alloc,2017-03-12,1300.8125
alloc,2017-03-13,1032.90625
alloc,2017-03-14,1259.98263889
alloc,2017-03-15,3305.47916667
alloc,2017-03-16,3951.98263889
alloc,2017-03-17,5237.94097222
alloc,2017-03-18,5055.45833333
alloc,2017-03-19,3334.64236111
alloc,2017-03-20,2386.71180556
alloc,2017-03-21,3341.22648084
alloc,2017-03-22,3149.94791667
alloc,2017-03-23,4079.71875
alloc,2017-03-24,2895.5625
alloc,2017-03-25,4831.90277778
alloc,2017-03-26,4417.46180556
alloc,2017-03-27,5006.05208333
alloc,2017-03-28,4170.07719298
alloc,2017-03-29,3989.52777778
alloc,2017-03-30,2801.42013889
alloc,2017-03-31,2204.29513889
alloc,2017-04-01,5909.01041667
alloc,2017-04-02,6784.82867133
alloc,2017-04-03,4806.64236111
alloc,2017-04-04,5327.87985866
alloc,2017-04-05,4950.25347222
alloc,2017-04-06,3242.3556338
alloc,2017-04-07,4056.5625
alloc,2017-04-08,3056.67013889
alloc,2017-04-09,3780.15625
alloc,2017-04-10,4003.42013889
alloc,2017-04-11,3377.15679443
alloc,2017-04-12,4295.26388889
alloc,2017-04-13,4627.97887324
alloc,2017-04-14,5114.34375
alloc,2017-04-15,4049.39930556
alloc,2017-04-16,3061.86805556
alloc,2017-04-17,3926.26480836
alloc,2017-04-18,4167.78819444
alloc,2017-04-19,3979.43402778
alloc,2017-04-20,5751.40277778
alloc,2017-04-21,6401.42708333
alloc,2017-04-22,4563.16666667
alloc,2017-04-23,4212.65972222
alloc,2017-04-24,2672.01736111
alloc,2017-04-25,3030.97916667
alloc,2017-04-26,4836.80208333
alloc,2017-04-27,4821.34027778
alloc,2017-04-28,6367.94444444
alloc,2017-04-29,5575.29824561
alloc,2017-04-30,3574.63194444
alloc,2017-05-01,4931.72222222
alloc,2017-05-02,5353.64583333
alloc,2017-05-03,4514.63541667
alloc,2017-05-04,5190.11805556
alloc,2017-05-05,5383.90625
alloc,2017-05-06,6264.16666667
alloc,2017-05-07,3305.20486111
alloc,2017-05-08,4270.59722222
alloc,2017-05-09,4536.04513889
alloc,2017-05-10,4062.89930556
alloc,2017-05-11,3942.29861111
alloc,2017-05-12,3009.85763889
alloc,2017-05-13,3143.32291667
alloc,2017-05-14,4923.36111111
alloc,2017-05-15,4570.02777778
alloc,2017-05-16,6842.39930556
alloc,2017-05-17,5724.80902778
alloc,2017-05-18,6201.73958333
alloc,2017-05-19,5922.44444444
alloc,2017-05-20,5319.69791667
alloc,2017-05-21,5051.89930556
alloc,2017-05-22,4794.34027778
alloc,2017-05-23,6567.64236111
alloc,2017-05-24,5919.01736111
alloc,2017-05-25,5520.64583333
alloc,2017-05-26,3222.57291667
alloc,2017-05-27,1921.76388889
alloc,2017-05-28,1775.59027778
alloc,2017-05-29,944.3125
alloc,2017-05-30,2777.36585366
alloc,2017-05-31,3967.81944444
alloc,2017-06-01,2971.77083333
alloc,2017-06-02,6138.48958333
alloc,2017-06-03,4652.68881119
alloc,2017-06-04,3679.23611111
alloc,2017-06-05,4626.12152778
alloc,2017-06-06,5689.59375
alloc,2017-06-07,6889.04513889
alloc,2017-06-08,6156.72916667
alloc,2017-06-09,5549.22916667
alloc,2017-06-10,6041.78125
alloc,2017-06-11,6924.31597222
alloc,2017-06-12,6533.76041667
alloc,2017-06-13,4771.16319444
alloc,2017-06-14,5992.18466899
alloc,2017-06-15,5899.92361111
alloc,2017-06-16,4215.37847222
alloc,2017-06-17,4956.28472222
alloc,2017-06-18,4899.26041667
alloc,2017-06-19,4841.2195122
alloc,2017-06-20,5415.83333333
alloc,2017-06-21,6145.81944444
alloc,2017-06-22,6219.08741259
alloc,2017-06-23,5310.18947368
alloc,2017-06-24,5992.73611111
alloc,2017-06-25,5573.04513889
alloc,2017-06-26,4831.00694444
alloc,2017-06-27,5606.11805556
alloc,2017-06-28,4625.67361111
alloc,2017-06-29,4418.81881533
alloc,2017-06-30,4422.9375
alloc,2017-07-01,4471.71527778
alloc,2017-07-02,4937.23958333
alloc,2017-07-03,3946.20486111
alloc,2017-07-04,6465.71180556
alloc,2017-07-05,6494.48611111
alloc,2017-07-06,5126.33680556
alloc,2017-07-07,3039.24305556
alloc,2017-07-08,5134.00694444
alloc,2017-07-09,5029.65156794
alloc,2017-07-10,6216.20833333
alloc,2017-07-11,6236.19791667
alloc,2017-07-12,6963.4245614
alloc,2017-07-13,6591.96875
alloc,2017-07-14,6834.15625
alloc,2017-07-15,4188.18402778
alloc,2017-07-16,4479.76736111
alloc,2017-07-17,4405.47916667
alloc,2017-07-18,4015.22916667
alloc,2017-07-19,5519.53125
alloc,2017-07-20,5210.0625
alloc,2017-07-21,4215.08333333
alloc,2017-07-22,4537.8125
alloc,2017-07-23,3786.14236111
alloc,2017-07-24,2899.20833333
alloc,2017-07-25,4546.08333333
alloc,2017-07-26,6024.74305556
alloc,2017-07-27,5295.59722222
alloc,2017-07-28,5515.99305556
alloc,2017-07-29,4993.05902778
alloc,2017-07-30,6868.27777778
alloc,2017-07-31,7045.11111111
alloc,2017-08-01,4099.13194444
alloc,2017-08-02,5871.80208333
alloc,2017-08-03,6458.26041667
alloc,2017-08-04,4885.24305556
alloc,2017-08-05,5101.99652778
alloc,2017-08-06,3574.63888889
alloc,2017-08-07,4459.44444444
alloc,2017-08-08,7048.15972222
alloc,2017-08-09,5894.28472222
alloc,2017-08-10,3924.50694444
alloc,2017-08-11,2472.56944444
alloc,2017-08-12,2029.05902778
alloc,2017-08-13,2491.95486111
alloc,2017-08-14,4467.31944444
alloc,2017-08-15,5738.03472222
alloc,2017-08-16,4819.14236111
alloc,2017-08-17,5108.69791667
alloc,2017-08-18,3823.93055556
alloc,2017-08-19,2566.44791667
alloc,2017-08-20,1884.82986111
alloc,2017-08-21,5189.67361111
alloc,2017-08-22,5729.16724739
alloc,2017-08-23,4954.61805556
alloc,2017-08-24,4325.60069444
alloc,2017-08-25,5670.85416667
alloc,2017-08-26,5449.77430556
alloc,2017-08-27,5796.28125
alloc,2017-08-28,5847.79166667
alloc,2017-08-29,5953.82986111
alloc,2017-08-30,4685.10069444
alloc,2017-08-31,4266.49652778
alloc,2017-09-01,3851.36805556
alloc,2017-09-02,2206.22222222
alloc,2017-09-03,1661.92013889
alloc,2017-09-04,1674.59722222
alloc,2017-09-05,4202.72569444
alloc,2017-09-06,5315.55902778
alloc,2017-09-07,5774.60763889
alloc,2017-09-08,6206.38888889
alloc,2017-09-09,6135.72916667
alloc,2017-09-10,5564.59722222
alloc,2017-09-11,4003.14930556
alloc,2017-09-12,4896.21527778
alloc,2017-09-13,5681.07986111
alloc,2017-09-14,6207.22569444
alloc,2017-09-15,5356.19097222
alloc,2017-09-16,2747.51388889
alloc,2017-09-17,3566.48958333
alloc,2017-09-18,5001.70138889
alloc,2017-09-19,7260.76041667
alloc,2017-09-20,5635.27430556
alloc,2017-09-21,6336.22569444
alloc,2017-09-22,4732.13541667
alloc,2017-09-23,4706.86062718
alloc,2017-09-24,2939.09574468
alloc,2017-09-25,6229.56939502
alloc,2017-09-26,6612.40925267
alloc,2017-09-27,6577.78125
alloc,2017-09-28,4698.70486111
alloc,2017-09-29,4914.68402778
alloc,2017-09-30,2753.22916667
alloc,2017-10-01,2242.25347222
alloc,2017-10-02,1247.26132404
alloc,2017-10-03,2418.92708333
alloc,2017-10-04,1433.71180556
alloc,2017-10-05,2770.20138889
alloc,2017-10-06,3850.93055556
alloc,2017-10-07,2917.54513889
alloc,2017-10-08,2522.69791667
alloc,2017-10-09,2476.24652778
alloc,2017-10-10,3897.90625
alloc,2017-10-11,3059.35763889
alloc,2017-10-12,3874.86458333
alloc,2017-10-13,4254.1875
alloc,2017-10-14,3460.68402778
alloc,2017-10-15,1901.26736111
alloc,2017-10-16,1457.74652778
alloc,2017-10-17,2098.75
alloc,2017-10-18,2829.76388889
alloc,2017-10-19,2208.13541667
alloc,2017-10-20,2947.99652778
alloc,2017-10-21,3303.86805556
alloc,2017-10-22,3612.8125
alloc,2017-10-23,3259.48958333
alloc,2017-10-24,4706.11458333
alloc,2017-10-25,4729.26022305
alloc,2017-10-26,4593.23611111
alloc,2017-10-27,4545.50347222
alloc,2017-10-28,5934.48611111
alloc,2017-10-29,7439.86111111
alloc,2017-10-30,8599.41319444
alloc,2017-10-31,8711.59027778
alloc,2017-11-01,7569.54513889
alloc,2017-11-02,8706.07986111
alloc,2017-11-03,6613.73611111
alloc,2017-11-04,3467.43402778
alloc,2017-11-05,4582.22569444
alloc,2017-11-06,4744.38888889
alloc,2017-11-07,4972.69791667
alloc,2017-11-08,3517.45486111
alloc,2017-11-09,3687.49652778
alloc,2017-11-10,4790.85416667
alloc,2017-11-11,4650.3125
alloc,2017-11-12,1858.89236111
alloc,2017-11-13,2664.88194444
alloc,2017-11-14,7258.05555556
alloc,2017-11-15,7345.79513889
alloc,2017-11-16,6495.96180556
alloc,2017-11-17,4953.625
alloc,2017-11-18,6315.77777778
alloc,2017-11-19,6523.22164948
alloc,2017-11-20,8634.63157895
alloc,2017-11-21,8267.19791667
alloc,2017-11-22,7214.10069444
alloc,2017-11-23,5527.15625
alloc,2017-11-24,3135.85416667
alloc,2017-11-25,4083.93055556
alloc,2017-11-26,3859.26736111
alloc,2017-11-27,6337.22569444
alloc,2017-11-28,5743.60416667
alloc,2017-11-29,5958.04513889
alloc,2017-11-30,4668.58680556
alloc,2017-12-01,3743.52083333
alloc,2017-12-02,5942.63541667
alloc,2017-12-03,3864.70138889
alloc,2017-12-04,6544.24305556
alloc,2017-12-05,8254.41319444
alloc,2017-12-06,6674.74305556
alloc,2017-12-07,5697.49652778
alloc,2017-12-08,6534.90277778
alloc,2017-12-09,4519.125
alloc,2017-12-10,5280.52083333
alloc,2017-12-11,4457.93055556
alloc,2017-12-12,6403.48611111
alloc,2017-12-13,5792.21527778
alloc,2017-12-14,3972.30208333
alloc,2017-12-15,1738.22916667
alloc,2017-12-16,1293.52430556
alloc,2017-12-17,892.736111111
alloc,2017-12-18,1421.41666667
alloc,2017-12-19,4710.58680556
alloc,2017-12-20,3626.73263889
alloc,2017-12-21,4609.84375
alloc,2017-12-22,3504.57291667
alloc,2017-12-23,2434.92361111
alloc,2017-12-24,3248.37152778
alloc,2017-12-25,1965.23263889
alloc,2017-12-26,3869.80555556
alloc,2017-12-27,3625.30555556
alloc,2017-12-28,2417.77430556
alloc,2017-12-29,2913.74305556
alloc,2017-12-30,1937.64236111
alloc,2017-12-31,1317.29166667
alloc,2018-01-01,1300.88888889
alloc,2018-01-02,1460.82986111
alloc,2018-01-03,3210.27777778
alloc,2018-01-04,3160.77430556
alloc,2018-01-05,2594.12152778
alloc,2018-01-06,3546.625
alloc,2018-01-07,1183.03472222
alloc,2018-01-08,1349.53125
alloc,2018-01-09,2366.85416667
alloc,2018-01-10,4422.17361111
alloc,2018-01-11,2564.49652778
alloc,2018-01-12,2850.60416667
alloc,2018-01-13,4775.38194444
alloc,2018-01-14,4627.03472222
alloc,2018-01-15,4341.31944444
alloc,2018-01-16,5662.5
alloc,2018-01-17,5510.61111111
alloc,2018-01-18,3274.11111111
alloc,2018-01-19,5265.73958333
alloc,2018-01-20,5173.21527778
alloc,2018-01-21,4006.52430556
alloc,2018-01-22,5713.14583333
alloc,2018-01-23,6097.80902778
alloc,2018-01-24,4003.5625
alloc,2018-01-25,6759.54166667
alloc,2018-01-26,7515.57638889
alloc,2018-01-27,8165.70833333
alloc,2018-01-28,4635.85069444
alloc,2018-01-29,4108.25
alloc,2018-01-30,5295.19791667
alloc,2018-01-31,4473.89679715
alloc,2018-02-01,4428.47463768
alloc,2018-02-02,7472.03557312
alloc,2018-02-03,3534.6975089
alloc,2018-02-04,2993.55902778
alloc,2018-02-05,5211.14583333
alloc,2018-02-06,8413.5625
alloc,2018-02-07,7393.46875
alloc,2018-02-08,7878.21180556
alloc,2018-02-09,6095.10416667
alloc,2018-02-10,6159.23958333
alloc,2018-02-11,8404.87152778
alloc,2018-02-12,6630.60763889
alloc,2018-02-13,6578.67361111
alloc,2018-02-14,7625.33333333
alloc,2018-02-15,5662.74652778
alloc,2018-02-16,3437.07986111
alloc,2018-02-17,5423.51438849
alloc,2018-02-18,4449.60069444
alloc,2018-02-19,5372.54861111
alloc,2018-02-20,7679.05902778
alloc,2018-02-21,2268.31597222
alloc,2018-02-22,3587.95412844
alloc,2018-02-23,3773.88659794
alloc,2018-02-24,3319.72222222
alloc,2018-02-25,2613.88888889
alloc,2018-02-26,4711.08333333
alloc,2018-02-27,3027.36458333
alloc,2018-02-28,4947.88194444
alloc,2018-03-01,4635.57446809
alloc,2018-03-02,8274.28723404
alloc,2018-03-03,6998.28472222
alloc,2018-03-04,2993.82986111
alloc,2018-03-05,1908.73611111
alloc,2018-03-06,3154.37847222
alloc,2018-03-07,5122.24305556
alloc,2018-03-08,3394.19791667
alloc,2018-03-09,4144.41319444
alloc,2018-03-10,7537.01388889
alloc,2018-03-11,6202.66319444
alloc,2018-03-12,5238.21875
alloc,2018-03-13,8982.07986111
alloc,2018-03-14,5735.42708333
alloc,2018-03-15,4975.27777778
alloc,2018-03-16,4626.55902778
alloc,2018-03-17,7003.08680556
alloc,2018-03-18,3993.93402778
alloc,2018-03-19,4700.88888889
alloc,2018-03-20,7824.10763889
alloc,2018-03-21,6686.40625
alloc,2018-03-22,7757.79047619
alloc,2018-03-23,4962.28125
alloc,2018-03-24,5009.13541667
alloc,2018-03-25,1580.97916667
alloc,2018-03-26,3049.98958333
alloc,2018-03-27,3952.90441176
alloc,2018-03-28,
alloc,2018-03-29,4540.74712644
alloc,2018-03-30,2772.88461538
alloc,2018-03-31,2227.16319444
alloc,2018-04-01,1300.95138889
alloc,2018-04-02,3345.42013889
alloc,2018-04-03,4111.53819444
alloc,2018-04-04,5708.27430556
alloc,2018-04-05,6394.17708333
alloc,2018-04-06,3558.01388889
alloc,2018-04-07,2153.03125
alloc,2018-04-08,2355.12847222
alloc,2018-04-09,2163.96180556
alloc,2018-04-10,2376.5625
alloc,2018-04-11,6257.4375
alloc,2018-04-12,3848.5
alloc,2018-04-13,3456.36111111
alloc,2018-04-14,2727.39930556
alloc,2018-04-15,3476.83680556
alloc,2018-04-16,3841.3125
alloc,2018-04-17,4281.58680556
alloc,2018-04-18,4460.32291667
alloc,2018-04-19,3592.51736111
alloc,2018-04-20,1888.36805556
alloc,2018-04-21,894.333333333
alloc,2018-04-22,1225.42708333
alloc,2018-04-23,3920.70833333
alloc,2018-04-24,5772.79861111
alloc,2018-04-25,4195.90972222
alloc,2018-04-26,5443.88541667
alloc,2018-04-27,7346.56597222
alloc,2018-04-28,4466.84027778
alloc,2018-04-29,2241.02777778
alloc,2018-04-30,2467.59375
alloc,2018-05-01,4848.38888889
alloc,2018-05-02,4918.84375
alloc,2018-05-03,5385.87152778
alloc,2018-05-04,4880.55208333
alloc,2018-05-05,4299.62152778
alloc,2018-05-06,3464.21180556
alloc,2018-05-07,5818.55555556
alloc,2018-05-08,7796.14583333
alloc,2018-05-09,7025.1875
alloc,2018-05-10,7192.81944444
alloc,2018-05-11,7383.70833333
alloc,2018-05-12,6723.14236111
alloc,2018-05-13,7299.56597222
alloc,2018-05-14,3731.82291667
alloc,2018-05-15,7263.36111111
alloc,2018-05-16,7435.49305556
alloc,2018-05-17,8436.04513889
alloc,2018-05-18,8215.62152778
alloc,2018-05-19,8027.71180556
alloc,2018-05-20,8765.05555556
alloc,2018-05-21,8149.34375
alloc,2018-05-22,8114.93055556
alloc,2018-05-23,7788.22033898
alloc,2018-05-24,
alloc,2018-05-25,8193.53846154
alloc,2018-05-26,5970.07638889
alloc,2018-05-27,6781.375
alloc,2018-05-28,7262.59027778
alloc,2018-05-29,7085.32291667
alloc,2018-05-30,5784.02836879
alloc,2018-05-31,4657.01075269
idle,2016-09-10,29.7700348432
idle,2016-09-11,56.0
idle,2016-09-12,482.375
idle,2016-09-13,9462.39583333
idle,2016-09-14,7709.39930556
idle,2016-09-15,0.0
idle,2016-09-16,0.0
idle,2016-09-17,4.86111111111
idle,2016-09-18,28.0
idle,2016-09-19,28.0
idle,2016-09-20,1792.24912281
idle,2016-09-21,9010.45138889
idle,2016-09-22,10177.6284722
idle,2016-09-23,9878.94791667
idle,2016-09-24,9960.125
idle,2016-09-25,9837.04166667
idle,2016-09-26,5508.41666667
idle,2016-09-27,6570.4084507
idle,2016-09-28,3203.13214286
idle,2016-09-29,5808.79710145
idle,2016-09-30,8884.24652778
idle,2016-10-01,1250.42708333
idle,2016-10-02,1232.0
idle,2016-10-03,5257.22222222
idle,2016-10-04,1047.32986111
idle,2016-10-05,1844.65
idle,2016-10-06,370.393728223
idle,2016-10-07,3159.98606272
idle,2016-10-08,5606.33680556
idle,2016-10-09,4452.77777778
idle,2016-10-10,4600.51748252
idle,2016-10-11,485.680555556
idle,2016-10-12,1321.28571429
idle,2016-10-13,3421.89473684
idle,2016-10-14,2245.25
idle,2016-10-15,2649.98611111
idle,2016-10-16,6689.56944444
idle,2016-10-17,5890.82926829
idle,2016-10-18,5088.80555556
idle,2016-10-19,938.059027778
idle,2016-10-20,3885.94791667
idle,2016-10-21,1911.77777778
idle,2016-10-22,3116.06944444
idle,2016-10-23,4361.66666667
idle,2016-10-24,3635.23611111
idle,2016-10-25,7657.125
idle,2016-10-26,7046.69444444
idle,2016-10-27,3399.26388889
idle,2016-10-28,4050.45486111
idle,2016-10-29,2414.57638889
idle,2016-10-30,2960.90972222
idle,2016-10-31,3018.26388889
idle,2016-11-01,4945.54166667
idle,2016-11-02,4547.47222222
idle,2016-11-03,6752.19791667
idle,2016-11-04,6361.44097222
idle,2016-11-05,1502.91666667
idle,2016-11-06,3624.5
idle,2016-11-07,9457.88888889
idle,2016-11-08,9929.11805556
idle,2016-11-09,7564.2369338
idle,2016-11-10,4324.72222222
idle,2016-11-11,4262.3902439
idle,2016-11-12,1563.81914894
idle,2016-11-13,2936.73958333
idle,2016-11-14,4293.80555556
idle,2016-11-15,3191.44055944
idle,2016-11-16,4151.94097222
idle,2016-11-17,4525.67708333
idle,2016-11-18,4291.75
idle,2016-11-19,5091.06629834
idle,2016-11-20,5782.85763889
idle,2016-11-21,6536.92708333
idle,2016-11-22,4843.81597222
idle,2016-11-23,1665.65277778
idle,2016-11-24,5138.76388889
idle,2016-11-25,5506.85763889
idle,2016-11-26,4456.01388889
idle,2016-11-27,5636.79094077
idle,2016-11-28,6020.84722222
idle,2016-11-29,5031.77700348
idle,2016-11-30,5080.02777778
idle,2016-12-01,1209.66960352
idle,2016-12-02,1855.67013889
idle,2016-12-03,2194.67708333
idle,2016-12-04,6777.07638889
idle,2016-12-05,6569.88541667
idle,2016-12-06,3423.20833333
idle,2016-12-07,2412.5979021
idle,2016-12-08,2594.99652778
idle,2016-12-09,4378.18055556
idle,2016-12-10,5129.62152778
idle,2016-12-11,5711.0174216
idle,2016-12-12,5662.9375
idle,2016-12-13,4859.16319444
idle,2016-12-14,4019.65277778
idle,2016-12-15,3609.77777778
idle,2016-12-16,2783.79166667
idle,2016-12-17,2904.65625
idle,2016-12-18,3433.86111111
idle,2016-12-19,3487.12847222
idle,2016-12-20,3683.76388889
idle,2016-12-21,3114.04166667
idle,2016-12-22,2885.11805556
idle,2016-12-23,3101.72222222
idle,2016-12-24,2304.75347222
idle,2016-12-25,3669.54195804
idle,2016-12-26,5345.32986111
idle,2016-12-27,3424.30555556
idle,2016-12-28,5299.37847222
idle,2016-12-29,6301.94444444
idle,2016-12-30,4108.90625
idle,2016-12-31,7249.28125
idle,2017-01-01,6177.29513889
idle,2017-01-02,5336.52777778
idle,2017-01-03,4917.18402778
idle,2017-01-04,4483.99305556
idle,2017-01-05,4789.04513889
idle,2017-01-06,7142.60416667
idle,2017-01-07,8639.90972222
idle,2017-01-08,9209.4375
idle,2017-01-09,8455.70486111
idle,2017-01-10,7213.31597222
idle,2017-01-11,7702.93402778
idle,2017-01-12,7464.07638889
idle,2017-01-13,3960.3125
idle,2017-01-14,7691.60763889
idle,2017-01-15,7712.69491525
idle,2017-01-16,7808.79513889
idle,2017-01-17,6799.63194444
idle,2017-01-18,6662.36805556
idle,2017-01-19,6291.76388889
idle,2017-01-20,6016.53819444
idle,2017-01-21,7025.51048951
idle,2017-01-22,7986.09027778
idle,2017-01-23,7829.83680556
idle,2017-01-24,6014.61805556
idle,2017-01-25,5740.89583333
idle,2017-01-26,6505.41319444
idle,2017-01-27,7464.82638889
idle,2017-01-28,7777.53125
idle,2017-01-29,6022.29861111
idle,2017-01-30,4846.61111111
idle,2017-01-31,3392.57638889
idle,2017-02-01,3252.0
idle,2017-02-02,3793.46096654
idle,2017-02-03,227.835616438
idle,2017-02-04,15.68
idle,2017-02-05,7281.64236111
idle,2017-02-06,6731.03819444
idle,2017-02-07,4761.65972222
idle,2017-02-08,5406.95495495
idle,2017-02-09,3308.37894737
idle,2017-02-10,2917.80902778
idle,2017-02-11,4607.52430556
idle,2017-02-12,6965.30208333
idle,2017-02-13,5200.06597222
idle,2017-02-14,4220.27083333
idle,2017-02-15,5005.75694444
idle,2017-02-16,5755.35069444
idle,2017-02-17,5846.625
idle,2017-02-18,5292.6875
idle,2017-02-19,4367.21527778
idle,2017-02-20,4778.07638889
idle,2017-02-21,4303.85763889
idle,2017-02-22,4427.82641509
idle,2017-02-23,3900.62152778
idle,2017-02-24,6310.61111111
idle,2017-02-25,7130.0
idle,2017-02-26,
idle,2017-02-27,4475.27710843
idle,2017-02-28,4286.93055556
idle,2017-03-01,4217.54861111
idle,2017-03-02,2531.18402778
idle,2017-03-03,2952.46527778
idle,2017-03-04,3658.01045296
idle,2017-03-05,2009.32638889
idle,2017-03-06,3813.97916667
idle,2017-03-07,1185.95121951
idle,2017-03-08,2218.67361111
idle,2017-03-09,3923.35069444
idle,2017-03-10,5452.17361111
idle,2017-03-11,4340.18402778
idle,2017-03-12,6763.1875
idle,2017-03-13,7031.09375
idle,2017-03-14,6804.01736111
idle,2017-03-15,4749.67361111
idle,2017-03-16,4062.70138889
idle,2017-03-17,2780.68402778
idle,2017-03-18,2994.63888889
idle,2017-03-19,4701.35763889
idle,2017-03-20,5626.44097222
idle,2017-03-21,4722.77351916
idle,2017-03-22,4921.14930556
idle,2017-03-23,4012.28125
idle,2017-03-24,5196.4375
idle,2017-03-25,3260.09722222
idle,2017-03-26,3674.53819444
idle,2017-03-27,3085.94791667
idle,2017-03-28,3921.72631579
idle,2017-03-29,3973.16666667
idle,2017-03-30,5178.57986111
idle,2017-03-31,5775.70486111
idle,2017-04-01,2070.98958333
idle,2017-04-02,1179.7027972
idle,2017-04-03,3153.91319444
idle,2017-04-04,2652.12014134
idle,2017-04-05,3027.12152778
idle,2017-04-06,4709.6443662
idle,2017-04-07,3895.4375
idle,2017-04-08,4895.32986111
idle,2017-04-09,4171.84375
idle,2017-04-10,3951.20486111
idle,2017-04-11,4598.55052265
idle,2017-04-12,3656.73611111
idle,2017-04-13,3328.35915493
idle,2017-04-14,2858.07291667
idle,2017-04-15,3930.60069444
idle,2017-04-16,4918.13194444
idle,2017-04-17,4051.68641115
idle,2017-04-18,3812.21180556
idle,2017-04-19,3999.27430556
idle,2017-04-20,2207.83333333
idle,2017-04-21,1544.25347222
idle,2017-04-22,3388.83333333
idle,2017-04-23,3739.34027778
idle,2017-04-24,5279.98263889
idle,2017-04-25,4918.49305556
idle,2017-04-26,3148.25347222
idle,2017-04-27,3242.65972222
idle,2017-04-28,1695.66666667
idle,2017-04-29,2484.37894737
idle,2017-04-30,4461.36805556
idle,2017-05-01,3104.27777778
idle,2017-05-02,2682.35416667
idle,2017-05-03,3521.36458333
idle,2017-05-04,2845.88194444
idle,2017-05-05,2652.09375
idle,2017-05-06,1758.90277778
idle,2017-05-07,4721.07291667
idle,2017-05-08,3757.13888889
idle,2017-05-09,3415.07986111
idle,2017-05-10,3837.47569444
idle,2017-05-11,4093.70138889
idle,2017-05-12,5026.14236111
idle,2017-05-13,4892.67708333
idle,2017-05-14,3089.20833333
idle,2017-05-15,3437.97222222
idle,2017-05-16,1165.60069444
idle,2017-05-17,2283.19097222
idle,2017-05-18,1791.77430556
idle,2017-05-19,2057.55555556
idle,2017-05-20,2660.30208333
idle,2017-05-21,2928.10069444
idle,2017-05-22,3185.65972222
idle,2017-05-23,1412.35763889
idle,2017-05-24,2060.98263889
idle,2017-05-25,2459.35416667
idle,2017-05-26,4717.17708333
idle,2017-05-27,6057.75
idle,2017-05-28,6204.40972222
idle,2017-05-29,7035.6875
idle,2017-05-30,5200.95470383
idle,2017-05-31,4015.29166667
idle,2017-06-01,5036.22916667
idle,2017-06-02,1843.55208333
idle,2017-06-03,3327.31118881
idle,2017-06-04,4300.76388889
idle,2017-06-05,3353.87847222
idle,2017-06-06,2290.40625
idle,2017-06-07,1090.95486111
idle,2017-06-08,1822.6875
idle,2017-06-09,2161.07638889
idle,2017-06-10,1914.20486111
idle,2017-06-11,1000.46180556
idle,2017-06-12,1390.23958333
idle,2017-06-13,3152.83680556
idle,2017-06-14,1907.42508711
idle,2017-06-15,1884.07638889
idle,2017-06-16,3577.46875
idle,2017-06-17,2855.71527778
idle,2017-06-18,2912.73958333
idle,2017-06-19,2970.7804878
idle,2017-06-20,2396.16666667
idle,2017-06-21,1666.18055556
idle,2017-06-22,1592.91258741
idle,2017-06-23,2501.81052632
idle,2017-06-24,1819.26388889
idle,2017-06-25,2238.95486111
idle,2017-06-26,2980.99305556
idle,2017-06-27,2210.54861111
idle,2017-06-28,3270.32638889
idle,2017-06-29,3476.88850174
idle,2017-06-30,3473.0625
idle,2017-07-01,3424.28472222
idle,2017-07-02,2958.76041667
idle,2017-07-03,3949.79513889
idle,2017-07-04,1430.28819444
idle,2017-07-05,1398.20833333
idle,2017-07-06,2738.35763889
idle,2017-07-07,4346.24305556
idle,2017-07-08,2822.17361111
idle,2017-07-09,2978.34843206
idle,2017-07-10,1791.79166667
idle,2017-07-11,1758.42013889
idle,2017-07-12,998.694736842
idle,2017-07-13,1386.67013889
idle,2017-07-14,1145.84375
idle,2017-07-15,3791.81597222
idle,2017-07-16,3500.23263889
idle,2017-07-17,3574.52083333
idle,2017-07-18,3964.77083333
idle,2017-07-19,2463.67708333
idle,2017-07-20,2769.9375
idle,2017-07-21,3764.91666667
idle,2017-07-22,3442.1875
idle,2017-07-23,4193.85763889
idle,2017-07-24,5080.79166667
idle,2017-07-25,3433.91666667
idle,2017-07-26,1955.25694444
idle,2017-07-27,2699.56944444
idle,2017-07-28,2520.00694444
idle,2017-07-29,3042.94097222
idle,2017-07-30,1167.72222222
idle,2017-07-31,990.888888889
idle,2017-08-01,3936.86805556
idle,2017-08-02,2164.19791667
idle,2017-08-03,1577.73958333
idle,2017-08-04,3150.75694444
idle,2017-08-05,2819.28125
idle,2017-08-06,4348.29166667
idle,2017-08-07,3492.55555556
idle,2017-08-08,903.840277778
idle,2017-08-09,2058.6875
idle,2017-08-10,4027.49305556
idle,2017-08-11,5479.43055556
idle,2017-08-12,5922.94097222
idle,2017-08-13,5460.04513889
idle,2017-08-14,3484.68055556
idle,2017-08-15,2213.96527778
idle,2017-08-16,3130.71875
idle,2017-08-17,2852.14930556
idle,2017-08-18,4156.06944444
idle,2017-08-19,5413.55208333
idle,2017-08-20,6095.17013889
idle,2017-08-21,2790.32638889
idle,2017-08-22,2241.0174216
idle,2017-08-23,2992.42361111
idle,2017-08-24,3626.39930556
idle,2017-08-25,2281.14583333
idle,2017-08-26,2502.22569444
idle,2017-08-27,2155.71875
idle,2017-08-28,2104.20833333
idle,2017-08-29,2007.98958333
idle,2017-08-30,3294.89930556
idle,2017-08-31,3713.50347222
idle,2017-09-01,4124.0625
idle,2017-09-02,5773.77777778
idle,2017-09-03,6318.07986111
idle,2017-09-04,6305.40277778
idle,2017-09-05,3777.27430556
idle,2017-09-06,2664.44097222
idle,2017-09-07,2205.39236111
idle,2017-09-08,1773.61111111
idle,2017-09-09,1844.27083333
idle,2017-09-10,2370.38888889
idle,2017-09-11,3769.28125
idle,2017-09-12,2803.78472222
idle,2017-09-13,2018.92013889
idle,2017-09-14,1492.77430556
idle,2017-09-15,2343.80902778
idle,2017-09-16,4952.48611111
idle,2017-09-17,4133.51041667
idle,2017-09-18,2959.4375
idle,2017-09-19,2636.75347222
idle,2017-09-20,4273.80902778
idle,2017-09-21,3547.77430556
idle,2017-09-22,5135.72569444
idle,2017-09-23,5150.70034843
idle,2017-09-24,6916.90425532
idle,2017-09-25,3588.96441281
idle,2017-09-26,3190.38078292
idle,2017-09-27,3506.01041667
idle,2017-09-28,5387.12847222
idle,2017-09-29,5190.39930556
idle,2017-09-30,7354.77083333
idle,2017-10-01,7865.74652778
idle,2017-10-02,8860.73867596
idle,2017-10-03,7689.07291667
idle,2017-10-04,8665.34375
idle,2017-10-05,7293.50347222
idle,2017-10-06,6076.91666667
idle,2017-10-07,7145.44097222
idle,2017-10-08,7529.30208333
idle,2017-10-09,7597.62847222
idle,2017-10-10,6210.09375
idle,2017-10-11,7048.64236111
idle,2017-10-12,6233.13541667
idle,2017-10-13,5837.57638889
idle,2017-10-14,6646.53819444
idle,2017-10-15,8206.73263889
idle,2017-10-16,8650.25347222
idle,2017-10-17,8009.25
idle,2017-10-18,7277.84722222
idle,2017-10-19,7899.86458333
idle,2017-10-20,7160.00347222
idle,2017-10-21,6804.13194444
idle,2017-10-22,6495.1875
idle,2017-10-23,6848.51041667
idle,2017-10-24,5383.12152778
idle,2017-10-25,5376.97026022
idle,2017-10-26,5480.93055556
idle,2017-10-27,5562.49652778
idle,2017-10-28,4173.51388889
idle,2017-10-29,2668.13888889
idle,2017-10-30,1508.58680556
idle,2017-10-31,1396.40972222
idle,2017-11-01,2538.45486111
idle,2017-11-02,1401.92013889
idle,2017-11-03,3494.26388889
idle,2017-11-04,6640.56597222
idle,2017-11-05,5525.77430556
idle,2017-11-06,5341.25
idle,2017-11-07,5026.41319444
idle,2017-11-08,6396.00347222
idle,2017-11-09,6268.05902778
idle,2017-11-10,4730.89583333
idle,2017-11-11,4701.6875
idle,2017-11-12,7398.99652778
idle,2017-11-13,6610.02083333
idle,2017-11-14,2681.94444444
idle,2017-11-15,2611.99652778
idle,2017-11-16,3445.59375
idle,2017-11-17,4817.76388889
idle,2017-11-18,3434.99305556
idle,2017-11-19,3222.34020619
idle,2017-11-20,1109.36842105
idle,2017-11-21,1476.80208333
idle,2017-11-22,2529.89930556
idle,2017-11-23,4216.84375
idle,2017-11-24,6608.14583333
idle,2017-11-25,5660.06944444
idle,2017-11-26,5884.73263889
idle,2017-11-27,3381.69791667
idle,2017-11-28,3843.26736111
idle,2017-11-29,3400.30555556
idle,2017-11-30,5026.12152778
idle,2017-12-01,5965.09027778
idle,2017-12-02,3772.39236111
idle,2017-12-03,5836.32638889
idle,2017-12-04,3146.47916667
idle,2017-12-05,1451.28125
idle,2017-12-06,3045.53472222
idle,2017-12-07,4024.62847222
idle,2017-12-08,3181.09722222
idle,2017-12-09,5203.09722222
idle,2017-12-10,4409.61805556
idle,2017-12-11,5240.27777778
idle,2017-12-12,3308.43055556
idle,2017-12-13,3951.49305556
idle,2017-12-14,5801.44791667
idle,2017-12-15,8033.77083333
idle,2017-12-16,8478.47569444
idle,2017-12-17,8879.26388889
idle,2017-12-18,8350.58333333
idle,2017-12-19,5061.41319444
idle,2017-12-20,6145.26736111
idle,2017-12-21,5162.15625
idle,2017-12-22,6267.42708333
idle,2017-12-23,7337.07638889
idle,2017-12-24,6523.62847222
idle,2017-12-25,7806.76736111
idle,2017-12-26,5902.19444444
idle,2017-12-27,6146.69444444
idle,2017-12-28,7354.22569444
idle,2017-12-29,6858.25694444
idle,2017-12-30,7834.35763889
idle,2017-12-31,8454.70833333
idle,2018-01-01,8471.11111111
idle,2018-01-02,8315.05902778
idle,2018-01-03,6568.33333333
idle,2018-01-04,6611.22569444
idle,2018-01-05,7177.87847222
idle,2018-01-06,6225.375
idle,2018-01-07,8588.96527778
idle,2018-01-08,8422.46875
idle,2018-01-09,7378.21527778
idle,2018-01-10,5276.32638889
idle,2018-01-11,7151.50347222
idle,2018-01-12,6865.39583333
idle,2018-01-13,4911.64583333
idle,2018-01-14,5032.96527778
idle,2018-01-15,5318.68055556
idle,2018-01-16,3997.5
idle,2018-01-17,4149.38888889
idle,2018-01-18,6408.34722222
idle,2018-01-19,4506.26041667
idle,2018-01-20,4598.78472222
idle,2018-01-21,5765.47569444
idle,2018-01-22,4060.3125
idle,2018-01-23,3674.19097222
idle,2018-01-24,5779.32638889
idle,2018-01-25,3068.14583333
idle,2018-01-26,2312.42361111
idle,2018-01-27,1662.29166667
idle,2018-01-28,5192.14930556
idle,2018-01-29,5719.75
idle,2018-01-30,4511.13888889
idle,2018-01-31,5354.10320285
idle,2018-02-01,5399.52536232
idle,2018-02-02,2355.96442688
idle,2018-02-03,6292.90391459
idle,2018-02-04,6834.44097222
idle,2018-02-05,4589.82638889
idle,2018-02-06,1386.4375
idle,2018-02-07,2406.47916667
idle,2018-02-08,1920.75
idle,2018-02-09,3704.89583333
idle,2018-02-10,3640.76041667
idle,2018-02-11,1395.12847222
idle,2018-02-12,3169.39236111
idle,2018-02-13,3221.32638889
idle,2018-02-14,2174.66666667
idle,2018-02-15,4137.25347222
idle,2018-02-16,6362.92013889
idle,2018-02-17,4376.48561151
idle,2018-02-18,5350.39930556
idle,2018-02-19,4426.09027778
idle,2018-02-20,2075.68055556
idle,2018-02-21,7389.83680556
idle,2018-02-22,6044.04587156
idle,2018-02-23,5858.11340206
idle,2018-02-24,6312.27777778
idle,2018-02-25,7018.11111111
idle,2018-02-26,4920.91666667
idle,2018-02-27,6604.63541667
idle,2018-02-28,4684.11805556
idle,2018-03-01,4998.21276596
idle,2018-03-02,1413.71276596
idle,2018-03-03,2689.71527778
idle,2018-03-04,6694.17013889
idle,2018-03-05,7779.26388889
idle,2018-03-06,6533.62152778
idle,2018-03-07,4565.75694444
idle,2018-03-08,6230.51041667
idle,2018-03-09,5416.32291667
idle,2018-03-10,2150.98611111
idle,2018-03-11,3485.33680556
idle,2018-03-12,4427.71180556
idle,2018-03-13,677.920138889
idle,2018-03-14,3902.60069444
idle,2018-03-15,4656.72222222
idle,2018-03-16,5005.44097222
idle,2018-03-17,2628.91319444
idle,2018-03-18,5638.06597222
idle,2018-03-19,4931.11111111
idle,2018-03-20,1827.04513889
idle,2018-03-21,2995.27430556
idle,2018-03-22,1902.20952381
idle,2018-03-23,4697.71875
idle,2018-03-24,4650.86458333
idle,2018-03-25,8079.02083333
idle,2018-03-26,6610.01041667
idle,2018-03-27,5706.96691176
idle,2018-03-28,
idle,2018-03-29,5103.8045977
idle,2018-03-30,6831.66783217
idle,2018-03-31,7292.83680556
idle,2018-04-01,8219.04861111
idle,2018-04-02,6174.57986111
idle,2018-04-03,5408.36458333
idle,2018-04-04,3786.76388889
idle,2018-04-05,3069.82291667
idle,2018-04-06,5992.51388889
idle,2018-04-07,7534.96875
idle,2018-04-08,7332.87152778
idle,2018-04-09,7509.45486111
idle,2018-04-10,7246.39583333
idle,2018-04-11,3346.5625
idle,2018-04-12,5755.5
idle,2018-04-13,6147.63888889
idle,2018-04-14,6876.60069444
idle,2018-04-15,6127.16319444
idle,2018-04-16,5762.6875
idle,2018-04-17,5312.01041667
idle,2018-04-18,5115.67708333
idle,2018-04-19,5983.48263889
idle,2018-04-20,7687.63194444
idle,2018-04-21,8681.66666667
idle,2018-04-22,8344.73958333
idle,2018-04-23,5637.98611111
idle,2018-04-24,3772.93402778
idle,2018-04-25,5289.5625
idle,2018-04-26,3991.72569444
idle,2018-04-27,2005.43402778
idle,2018-04-28,4865.13194444
idle,2018-04-29,7082.97222222
idle,2018-04-30,6837.57291667
idle,2018-05-01,4379.09027778
idle,2018-05-02,4603.87847222
idle,2018-05-03,4069.12152778
idle,2018-05-04,4522.76388889
idle,2018-05-05,5158.80555556
idle,2018-05-06,6052.21875
idle,2018-05-07,3740.85763889
idle,2018-05-08,1807.89583333
idle,2018-05-09,2527.50694444
idle,2018-05-10,2211.48611111
idle,2018-05-11,2241.09722222
idle,2018-05-12,2739.02430556
idle,2018-05-13,2136.43402778
idle,2018-05-14,5722.64930556
idle,2018-05-15,2239.23611111
idle,2018-05-16,1970.17361111
idle,2018-05-17,1137.59375
idle,2018-05-18,1360.37847222
idle,2018-05-19,1548.28819444
idle,2018-05-20,810.944444444
idle,2018-05-21,1426.65625
idle,2018-05-22,1461.06944444
idle,2018-05-23,1770.45762712
idle,2018-05-24,
idle,2018-05-25,1350.15384615
idle,2018-05-26,3577.92361111
idle,2018-05-27,2766.625
idle,2018-05-28,2285.40972222
idle,2018-05-29,2462.67708333
idle,2018-05-30,3763.97163121
idle,2018-05-31,4890.98924731
other,2016-09-10,17.4773519164
other,2016-09-11,0.0
other,2016-09-12,244.611111111
other,2016-09-13,135.916666667
other,2016-09-14,2640.06944444
other,2016-09-15,10360.0
other,2016-09-16,10360.0
other,2016-09-17,10355.1388889
other,2016-09-18,10332.0
other,2016-09-19,10332.0
other,2016-09-20,8557.88070175
other,2016-09-21,1333.98611111
other,2016-09-22,138.347222222
other,2016-09-23,182.0
other,2016-09-24,383.347222222
other,2016-09-25,416.986111111
other,2016-09-26,463.555555556
other,2016-09-27,2140.42253521
other,2016-09-28,6250.2
other,2016-09-29,523.782608696
other,2016-09-30,122.694444444
other,2016-10-01,134.944444444
other,2016-10-02,168.0
other,2016-10-03,277.569444444
other,2016-10-04,625.625
other,2016-10-05,1937.27692308
other,2016-10-06,9643.41463415
other,2016-10-07,5563.12195122
other,2016-10-08,112.0
other,2016-10-09,112.0
other,2016-10-10,158.797202797
other,2016-10-11,281.944444444
other,2016-10-12,683.9
other,2016-10-13,2117.58596491
other,2016-10-14,2164.26388889
other,2016-10-15,188.319444444
other,2016-10-16,168.0
other,2016-10-17,161.073170732
other,2016-10-18,140.0
other,2016-10-19,140.0
other,2016-10-20,127.555555556
other,2016-10-21,56.0
other,2016-10-22,56.0
other,2016-10-23,56.0
other,2016-10-24,58.5277777778
other,2016-10-25,18.375
other,2016-10-26,44.7222222222
other,2016-10-27,28.0
other,2016-10-28,30.5277777778
other,2016-10-29,56.0
other,2016-10-30,56.0
other,2016-10-31,56.0
other,2016-11-01,56.0
other,2016-11-02,289.333333333
other,2016-11-03,56.0
other,2016-11-04,64.75
other,2016-11-05,7062.02777778
other,2016-11-06,56.0
other,2016-11-07,67.375
other,2016-11-08,45.5972222222
other,2016-11-09,29.0731707317
other,2016-11-10,56.0
other,2016-11-11,45.6585365854
other,2016-11-12,28.0
other,2016-11-13,28.0
other,2016-11-14,28.0
other,2016-11-15,28.0
other,2016-11-16,53.4722222222
other,2016-11-17,51.625
other,2016-11-18,28.0
other,2016-11-19,51.3591160221
other,2016-11-20,56.0
other,2016-11-21,56.0
other,2016-11-22,56.0
other,2016-11-23,58.7222222222
other,2016-11-24,271.152777778
other,2016-11-25,234.694444444
other,2016-11-26,224.0
other,2016-11-27,224.0
other,2016-11-28,224.0
other,2016-11-29,232.975609756
other,2016-11-30,252.0
other,2016-12-01,739.964757709
other,2016-12-02,252.0
other,2016-12-03,289.975694444
other,2016-12-04,280.0
other,2016-12-05,280.0
other,2016-12-06,233.333333333
other,2016-12-07,0.0
other,2016-12-08,0.0
other,2016-12-09,31.9861111111
other,2016-12-10,84.0
other,2016-12-11,107.414634146
other,2016-12-12,112.0
other,2016-12-13,655.899305556
other,2016-12-14,2491.75694444
other,2016-12-15,2055.82986111
other,2016-12-16,3311.61458333
other,2016-12-17,2813.27430556
other,2016-12-18,2828.0
other,2016-12-19,2064.29166667
other,2016-12-20,49.0798611111
other,2016-12-21,57.1666666667
other,2016-12-22,87.7916666667
other,2016-12-23,84.0
other,2016-12-24,76.4895833333
other,2016-12-25,115.91958042
other,2016-12-26,140.0
other,2016-12-27,140.0
other,2016-12-28,140.0
other,2016-12-29,140.0
other,2016-12-30,140.0
other,2016-12-31,140.0
other,2017-01-01,140.0
other,2017-01-02,140.0
other,2017-01-03,140.0
other,2017-01-04,140.0
other,2017-01-05,140.0
other,2017-01-06,140.0
other,2017-01-07,155.069444444
other,2017-01-08,168.0
other,2017-01-09,159.541666667
other,2017-01-10,140.0
other,2017-01-11,140.0
other,2017-01-12,122.111111111
other,2017-01-13,28.0
other,2017-01-14,28.0
other,2017-01-15,228.033898305
other,2017-01-16,28.0
other,2017-01-17,28.0
other,2017-01-18,28.0
other,2017-01-19,28.0
other,2017-01-20,28.0
other,2017-01-21,28.0
other,2017-01-22,28.0
other,2017-01-23,28.0
other,2017-01-24,28.0
other,2017-01-25,28.0
other,2017-01-26,28.0
other,2017-01-27,28.0
other,2017-01-28,28.0
other,2017-01-29,28.0
other,2017-01-30,28.0
other,2017-01-31,28.0
other,2017-02-01,25.3473684211
other,2017-02-02,0.0
other,2017-02-03,8032.16438356
other,2017-02-04,8244.32
other,2017-02-05,537.638888889
other,2017-02-06,62.6111111111
other,2017-02-07,103.055555556
other,2017-02-08,112.0
other,2017-02-09,112.0
other,2017-02-10,112.0
other,2017-02-11,125.708333333
other,2017-02-12,140.0
other,2017-02-13,140.0
other,2017-02-14,140.0
other,2017-02-15,140.0
other,2017-02-16,119.777777778
other,2017-02-17,84.0
other,2017-02-18,84.0
other,2017-02-19,84.0
other,2017-02-20,84.0
other,2017-02-21,69.1597222222
other,2017-02-22,20.1660377358
other,2017-02-23,52.9861111111
other,2017-02-24,191.430555556
other,2017-02-25,1008.0
other,2017-02-26,
other,2017-02-27,56.0
other,2017-02-28,56.0
other,2017-03-01,56.0
other,2017-03-02,76.3194444444
other,2017-03-03,109.666666667
other,2017-03-04,112.0
other,2017-03-05,112.0
other,2017-03-06,171.5
other,2017-03-07,181.463414634
other,2017-03-08,84.0
other,2017-03-09,81.4722222222
other,2017-03-10,28.0
other,2017-03-11,28.0
other,2017-03-12,28.0
other,2017-03-13,28.0
other,2017-03-14,28.0
other,2017-03-15,36.8472222222
other,2017-03-16,77.3159722222
other,2017-03-17,73.375
other,2017-03-18,41.9027777778
other,2017-03-19,56.0
other,2017-03-20,78.8472222222
other,2017-03-21,28.0
other,2017-03-22,20.9027777778
other,2017-03-23,0.0
other,2017-03-24,0.0
other,2017-03-25,0.0
other,2017-03-26,0.0
other,2017-03-27,0.0
other,2017-03-28,0.19649122807
other,2017-03-29,129.305555556
other,2017-03-30,112.0
other,2017-03-31,112.0
other,2017-04-01,112.0
other,2017-04-02,127.468531469
other,2017-04-03,131.444444444
other,2017-04-04,112.0
other,2017-04-05,114.625
other,2017-04-06,140.0
other,2017-04-07,140.0
other,2017-04-08,140.0
other,2017-04-09,140.0
other,2017-04-10,137.375
other,2017-04-11,116.292682927
other,2017-04-12,140.0
other,2017-04-13,135.661971831
other,2017-04-14,119.583333333
other,2017-04-15,112.0
other,2017-04-16,112.0
other,2017-04-17,114.048780488
other,2017-04-18,112.0
other,2017-04-19,113.291666667
other,2017-04-20,132.763888889
other,2017-04-21,146.319444444
other,2017-04-22,140.0
other,2017-04-23,140.0
other,2017-04-24,140.0
other,2017-04-25,142.527777778
other,2017-04-26,106.944444444
other,2017-04-27,28.0
other,2017-04-28,28.3888888889
other,2017-04-29,32.3228070175
other,2017-04-30,56.0
other,2017-05-01,56.0
other,2017-05-02,56.0
other,2017-05-03,56.0
other,2017-05-04,56.0
other,2017-05-05,56.0
other,2017-05-06,68.9305555556
other,2017-05-07,65.7222222222
other,2017-05-08,64.2638888889
other,2017-05-09,140.875
other,2017-05-10,191.625
other,2017-05-11,56.0
other,2017-05-12,56.0
other,2017-05-13,56.0
other,2017-05-14,79.4305555556
other,2017-05-15,84.0
other,2017-05-16,84.0
other,2017-05-17,84.0
other,2017-05-18,98.4861111111
other,2017-05-19,112.0
other,2017-05-20,112.0
other,2017-05-21,112.0
other,2017-05-22,112.0
other,2017-05-23,112.0
other,2017-05-24,112.0
other,2017-05-25,112.0
other,2017-05-26,152.25
other,2017-05-27,112.486111111
other,2017-05-28,112.0
other,2017-05-29,112.0
other,2017-05-30,113.679442509
other,2017-05-31,108.888888889
other,2017-06-01,84.0
other,2017-06-02,109.958333333
other,2017-06-03,112.0
other,2017-06-04,112.0
other,2017-06-05,112.0
other,2017-06-06,112.0
other,2017-06-07,112.0
other,2017-06-08,112.583333333
other,2017-06-09,381.694444444
other,2017-06-10,136.013888889
other,2017-06-11,167.222222222
other,2017-06-12,168.0
other,2017-06-13,168.0
other,2017-06-14,192.390243902
other,2017-06-15,308.0
other,2017-06-16,299.152777778
other,2017-06-17,280.0
other,2017-06-18,280.0
other,2017-06-19,280.0
other,2017-06-20,280.0
other,2017-06-21,280.0
other,2017-06-22,280.0
other,2017-06-23,280.0
other,2017-06-24,280.0
other,2017-06-25,280.0
other,2017-06-26,280.0
other,2017-06-27,275.333333333
other,2017-06-28,196.0
other,2017-06-29,196.292682927
other,2017-06-30,196.0
other,2017-07-01,196.0
other,2017-07-02,196.0
other,2017-07-03,196.0
other,2017-07-04,196.0
other,2017-07-05,199.305555556
other,2017-07-06,227.305555556
other,2017-07-07,706.513888889
other,2017-07-08,135.819444444
other,2017-07-09,84.0
other,2017-07-10,84.0
other,2017-07-11,97.3819444444
other,2017-07-12,129.880701754
other,2017-07-13,113.361111111
other,2017-07-14,112.0
other,2017-07-15,112.0
other,2017-07-16,112.0
other,2017-07-17,112.0
other,2017-07-18,112.0
other,2017-07-19,108.791666667
other,2017-07-20,112.0
other,2017-07-21,112.0
other,2017-07-22,112.0
other,2017-07-23,112.0
other,2017-07-24,112.0
other,2017-07-25,112.0
other,2017-07-26,112.0
other,2017-07-27,96.8333333333
other,2017-07-28,56.0
other,2017-07-29,56.0
other,2017-07-30,56.0
other,2017-07-31,56.0
other,2017-08-01,56.0
other,2017-08-02,56.0
other,2017-08-03,56.0
other,2017-08-04,56.0
other,2017-08-05,170.722222222
other,2017-08-06,169.069444444
other,2017-08-07,140.0
other,2017-08-08,140.0
other,2017-08-09,139.027777778
other,2017-08-10,140.0
other,2017-08-11,140.0
other,2017-08-12,140.0
other,2017-08-13,140.0
other,2017-08-14,140.0
other,2017-08-15,140.0
other,2017-08-16,142.138888889
other,2017-08-17,131.152777778
other,2017-08-18,112.0
other,2017-08-19,112.0
other,2017-08-20,112.0
other,2017-08-21,112.0
other,2017-08-22,121.81533101
other,2017-08-23,144.958333333
other,2017-08-24,140.0
other,2017-08-25,140.0
other,2017-08-26,140.0
other,2017-08-27,140.0
other,2017-08-28,140.0
other,2017-08-29,130.180555556
other,2017-08-30,112.0
other,2017-08-31,112.0
other,2017-09-01,116.569444444
other,2017-09-02,112.0
other,2017-09-03,112.0
other,2017-09-04,112.0
other,2017-09-05,112.0
other,2017-09-06,112.0
other,2017-09-07,112.0
other,2017-09-08,112.0
other,2017-09-09,112.0
other,2017-09-10,157.013888889
other,2017-09-11,319.569444444
other,2017-09-12,392.0
other,2017-09-13,392.0
other,2017-09-14,392.0
other,2017-09-15,392.0
other,2017-09-16,392.0
other,2017-09-17,392.0
other,2017-09-18,392.0
other,2017-09-19,406.486111111
other,2017-09-20,394.916666667
other,2017-09-21,420.0
other,2017-09-22,436.138888889
other,2017-09-23,446.43902439
other,2017-09-24,448.0
other,2017-09-25,485.466192171
other,2017-09-26,463.34519573
other,2017-09-27,80.2083333333
other,2017-09-28,78.1666666667
other,2017-09-29,58.9166666667
other,2017-09-30,56.0
other,2017-10-01,56.0
other,2017-10-02,56.0
other,2017-10-03,56.0
other,2017-10-04,64.9444444444
other,2017-10-05,100.295138889
other,2017-10-06,236.152777778
other,2017-10-07,101.013888889
other,2017-10-08,112.0
other,2017-10-09,90.125
other,2017-10-10,56.0
other,2017-10-11,56.0
other,2017-10-12,56.0
other,2017-10-13,72.2361111111
other,2017-10-14,56.7777777778
other,2017-10-15,56.0
other,2017-10-16,56.0
other,2017-10-17,56.0
other,2017-10-18,56.3888888889
other,2017-10-19,56.0
other,2017-10-20,56.0
other,2017-10-21,56.0
other,2017-10-22,56.0
other,2017-10-23,56.0
other,2017-10-24,74.7638888889
other,2017-10-25,57.7695167286
other,2017-10-26,89.8333333333
other,2017-10-27,56.0
other,2017-10-28,56.0
other,2017-10-29,56.0
other,2017-10-30,56.0
other,2017-10-31,56.0
other,2017-11-01,56.0
other,2017-11-02,56.0
other,2017-11-03,56.0
other,2017-11-04,56.0
other,2017-11-05,56.0
other,2017-11-06,78.3611111111
other,2017-11-07,164.888888889
other,2017-11-08,250.541666667
other,2017-11-09,208.444444444
other,2017-11-10,642.25
other,2017-11-11,812.0
other,2017-11-12,906.111111111
other,2017-11-13,889.097222222
other,2017-11-14,224.0
other,2017-11-15,206.208333333
other,2017-11-16,161.194444444
other,2017-11-17,140.611111111
other,2017-11-18,161.229166667
other,2017-11-19,166.43814433
other,2017-11-20,168.0
other,2017-11-21,168.0
other,2017-11-22,168.0
other,2017-11-23,168.0
other,2017-11-24,168.0
other,2017-11-25,168.0
other,2017-11-26,168.0
other,2017-11-27,193.076388889
other,2017-11-28,325.128472222
other,2017-11-29,553.649305556
other,2017-11-30,217.291666667
other,2017-12-01,203.388888889
other,2017-12-02,196.972222222
other,2017-12-03,210.972222222
other,2017-12-04,221.277777778
other,2017-12-05,206.305555556
other,2017-12-06,191.722222222
other,2017-12-07,189.875
other,2017-12-08,196.0
other,2017-12-09,189.777777778
other,2017-12-10,221.861111111
other,2017-12-11,213.791666667
other,2017-12-12,200.083333333
other,2017-12-13,168.291666667
other,2017-12-14,138.25
other,2017-12-15,140.0
other,2017-12-16,140.0
other,2017-12-17,140.0
other,2017-12-18,140.0
other,2017-12-19,140.0
other,2017-12-20,140.0
other,2017-12-21,140.0
other,2017-12-22,140.0
other,2017-12-23,140.0
other,2017-12-24,140.0
other,2017-12-25,140.0
other,2017-12-26,140.0
other,2017-12-27,140.0
other,2017-12-28,140.0
other,2017-12-29,140.0
other,2017-12-30,140.0
other,2017-12-31,140.0
other,2018-01-01,140.0
other,2018-01-02,136.111111111
other,2018-01-03,133.388888889
other,2018-01-04,140.0
other,2018-01-05,140.0
other,2018-01-06,140.0
other,2018-01-07,140.0
other,2018-01-08,140.0
other,2018-01-09,166.930555556
other,2018-01-10,213.5
other,2018-01-11,196.0
other,2018-01-12,196.0
other,2018-01-13,224.972222222
other,2018-01-14,252.0
other,2018-01-15,252.0
other,2018-01-16,252.0
other,2018-01-17,252.0
other,2018-01-18,229.541666667
other,2018-01-19,140.0
other,2018-01-20,140.0
other,2018-01-21,140.0
other,2018-01-22,138.541666667
other,2018-01-23,140.0
other,2018-01-24,129.111111111
other,2018-01-25,84.3125
other,2018-01-26,84.0
other,2018-01-27,84.0
other,2018-01-28,84.0
other,2018-01-29,84.0
other,2018-01-30,105.663194444
other,2018-01-31,84.0
other,2018-02-01,84.0
other,2018-02-02,84.0
other,2018-02-03,84.3985765125
other,2018-02-04,84.0
other,2018-02-05,111.027777778
other,2018-02-06,112.0
other,2018-02-07,112.052083333
other,2018-02-08,113.038194444
other,2018-02-09,112.0
other,2018-02-10,112.0
other,2018-02-11,112.0
other,2018-02-12,112.0
other,2018-02-13,112.0
other,2018-02-14,112.0
other,2018-02-15,112.0
other,2018-02-16,112.0
other,2018-02-17,112.0
other,2018-02-18,112.0
other,2018-02-19,113.361111111
other,2018-02-20,113.024305556
other,2018-02-21,113.847222222
other,2018-02-22,140.0
other,2018-02-23,140.0
other,2018-02-24,140.0
other,2018-02-25,140.0
other,2018-02-26,140.0
other,2018-02-27,140.0
other,2018-02-28,140.0
other,2018-03-01,138.212765957
other,2018-03-02,84.0
other,2018-03-03,84.0
other,2018-03-04,84.0
other,2018-03-05,84.0
other,2018-03-06,84.0
other,2018-03-07,84.0
other,2018-03-08,147.291666667
other,2018-03-09,211.263888889
other,2018-03-10,84.0
other,2018-03-11,84.0
other,2018-03-12,106.069444444
other,2018-03-13,112.0
other,2018-03-14,133.972222222
other,2018-03-15,140.0
other,2018-03-16,140.0
other,2018-03-17,140.0
other,2018-03-18,140.0
other,2018-03-19,140.0
other,2018-03-20,120.847222222
other,2018-03-21,90.3194444444
other,2018-03-22,112.0
other,2018-03-23,112.0
other,2018-03-24,112.0
other,2018-03-25,112.0
other,2018-03-26,112.0
other,2018-03-27,112.128676471
other,2018-03-28,
other,2018-03-29,127.448275862
other,2018-03-30,167.447552448
other,2018-03-31,252.0
other,2018-04-01,252.0
other,2018-04-02,252.0
other,2018-04-03,252.097222222
other,2018-04-04,276.961805556
other,2018-04-05,308.0
other,2018-04-06,221.472222222
other,2018-04-07,84.0
other,2018-04-08,84.0
other,2018-04-09,98.5833333333
other,2018-04-10,149.041666667
other,2018-04-11,168.0
other,2018-04-12,168.0
other,2018-04-13,168.0
other,2018-04-14,168.0
other,2018-04-15,168.0
other,2018-04-16,168.0
other,2018-04-17,178.402777778
other,2018-04-18,196.0
other,2018-04-19,196.0
other,2018-04-20,196.0
other,2018-04-21,196.0
other,2018-04-22,201.833333333
other,2018-04-23,213.305555556
other,2018-04-24,226.267361111
other,2018-04-25,286.527777778
other,2018-04-26,336.388888889
other,2018-04-27,420.0
other,2018-04-28,440.027777778
other,2018-04-29,448.0
other,2018-04-30,466.833333333
other,2018-05-01,544.520833333
other,2018-05-02,249.277777778
other,2018-05-03,317.006944444
other,2018-05-04,368.684027778
other,2018-05-05,313.572916667
other,2018-05-06,255.569444444
other,2018-05-07,212.586805556
other,2018-05-08,167.958333333
other,2018-05-09,219.305555556
other,2018-05-10,367.694444444
other,2018-05-11,147.194444444
other,2018-05-12,309.833333333
other,2018-05-13,336.0
other,2018-05-14,317.527777778
other,2018-05-15,269.402777778
other,2018-05-16,366.333333333
other,2018-05-17,198.361111111
other,2018-05-18,196.0
other,2018-05-19,196.0
other,2018-05-20,196.0
other,2018-05-21,196.0
other,2018-05-22,196.0
other,2018-05-23,213.322033898
other,2018-05-24,
other,2018-05-25,228.307692308
other,2018-05-26,224.0
other,2018-05-27,224.0
other,2018-05-28,224.0
other,2018-05-29,224.0
other,2018-05-30,224.0
other,2018-05-31,224.0
pending,2016-09-10,
pending,2016-09-11,
pending,2016-09-12,1.0
pending,2016-09-13,56.5
pending,2016-09-14,1.04347826087
pending,2016-09-15,1.0
pending,2016-09-16,1.0
pending,2016-09-17,1.0
pending,2016-09-18,1.0
pending,2016-09-19,1.0
pending,2016-09-20,1.08620689655
pending,2016-09-21,
pending,2016-09-22,
pending,2016-09-23,374.75
pending,2016-09-24,
pending,2016-09-25,
pending,2016-09-26,1474.66666667
pending,2016-09-27,12563.8895028
pending,2016-09-28,8682.324
pending,2016-09-29,9595.31666667
pending,2016-09-30,4029.15021459
pending,2016-10-01,10543.5247525
pending,2016-10-02,
pending,2016-10-03,7122.53731343
pending,2016-10-04,406.0
pending,2016-10-05,432.133333333
pending,2016-10-06,461.333333333
pending,2016-10-07,1088.0
pending,2016-10-08,6803.24324324
pending,2016-10-09,10379.0984848
pending,2016-10-10,7899.14444444
pending,2016-10-11,8783.32986111
pending,2016-10-12,8143.8705036
pending,2016-10-13,7167.52592593
pending,2016-10-14,10281.7222222
pending,2016-10-15,11156.4444444
pending,2016-10-16,10395.3888889
pending,2016-10-17,10009.4596491
pending,2016-10-18,10690.3715278
pending,2016-10-19,8599.5
pending,2016-10-20,8527.33333333
pending,2016-10-21,9827.06319703
pending,2016-10-22,10465.4861111
pending,2016-10-23,8794.13888889
pending,2016-10-24,7335.41666667
pending,2016-10-25,7405.51388889
pending,2016-10-26,10441.3888889
pending,2016-10-27,23312.5381944
pending,2016-10-28,16806.4375
pending,2016-10-29,16079.7777778
pending,2016-10-30,14736.1666667
pending,2016-10-31,9750.61111111
pending,2016-11-01,7229.95833333
pending,2016-11-02,4609.70138889
pending,2016-11-03,3285.41666667
pending,2016-11-04,2380.77027027
pending,2016-11-05,6035.74129353
pending,2016-11-06,320.0
pending,2016-11-07,327.0
pending,2016-11-08,1068.97797357
pending,2016-11-09,2285.38675958
pending,2016-11-10,1132.39930556
pending,2016-11-11,758.715789474
pending,2016-11-12,3388.04710145
pending,2016-11-13,4792.75
pending,2016-11-14,3654.01388889
pending,2016-11-15,2582.10661765
pending,2016-11-16,1958.37152778
pending,2016-11-17,2795.29861111
pending,2016-11-18,1009.13617021
pending,2016-11-19,1008.3373494
pending,2016-11-20,946.419642857
pending,2016-11-21,653.065217391
pending,2016-11-22,4562.1122807
pending,2016-11-23,5037.25347222
pending,2016-11-24,1084.86111111
pending,2016-11-25,1195.96527778
pending,2016-11-26,484.631944444
pending,2016-11-27,310.653465347
pending,2016-11-28,266.5625
pending,2016-11-29,187.512345679
pending,2016-11-30,1856.99305556
pending,2016-12-01,40946.6211454
pending,2016-12-02,18009.1944444
pending,2016-12-03,8749.88194444
pending,2016-12-04,2281.67013889
pending,2016-12-05,2037.13888889
pending,2016-12-06,3997.88541667
pending,2016-12-07,1649.73239437
pending,2016-12-08,1162.78472222
pending,2016-12-09,811.288194444
pending,2016-12-10,509.176923077
pending,2016-12-11,455.6
pending,2016-12-12,130.666666667
pending,2016-12-13,1247.06015038
pending,2016-12-14,1123.70484581
pending,2016-12-15,225.395833333
pending,2016-12-16,560.374517375
pending,2016-12-17,394.729166667
pending,2016-12-18,154.0625
pending,2016-12-19,821.648148148
pending,2016-12-20,997.392361111
pending,2016-12-21,1283.78472222
pending,2016-12-22,3205.28819444
pending,2016-12-23,6581.93402778
pending,2016-12-24,17844.5486111
pending,2016-12-25,15197.4826389
pending,2016-12-26,13815.5868056
pending,2016-12-27,3171.80208333
pending,2016-12-28,448.333333333
pending,2016-12-29,403.190972222
pending,2016-12-30,558.784431138
pending,2016-12-31,528.3125
pending,2017-01-01,4714.44656489
pending,2017-01-02,2298.54166667
pending,2017-01-03,433.552083333
pending,2017-01-04,2122.59027778
pending,2017-01-05,2484.14930556
pending,2017-01-06,1543.1875
pending,2017-01-07,176.931654676
pending,2017-01-08,427.744186047
pending,2017-01-09,374.302083333
pending,2017-01-10,54.7272727273
pending,2017-01-11,224.519855596
pending,2017-01-12,116.013888889
pending,2017-01-13,130.010416667
pending,2017-01-14,29.9541284404
pending,2017-01-15,237.483050847
pending,2017-01-16,211.378472222
pending,2017-01-17,289.996527778
pending,2017-01-18,286.570909091
pending,2017-01-19,533.11328125
pending,2017-01-20,784.319444444
pending,2017-01-21,695.81184669
pending,2017-01-22,179.517361111
pending,2017-01-23,202.399209486
pending,2017-01-24,64.8571428571
pending,2017-01-25,163.027027027
pending,2017-01-26,365.203773585
pending,2017-01-27,67.2673611111
pending,2017-01-28,255.086956522
pending,2017-01-29,2756.03472222
pending,2017-01-30,9070.22222222
pending,2017-01-31,1822.46180556
pending,2017-02-01,1113.41754386
pending,2017-02-02,622.992565056
pending,2017-02-03,
pending,2017-02-04,
pending,2017-02-05,171.607142857
pending,2017-02-06,250.272727273
pending,2017-02-07,274.583969466
pending,2017-02-08,298.314606742
pending,2017-02-09,286.46969697
pending,2017-02-10,1988.70930233
pending,2017-02-11,1908.16935484
pending,2017-02-12,245.421052632
pending,2017-02-13,1591.8041958
pending,2017-02-14,1920.42708333
pending,2017-02-15,4191.75347222
pending,2017-02-16,3962.41319444
pending,2017-02-17,914.170138889
pending,2017-02-18,1245.38219895
pending,2017-02-19,3791.0
pending,2017-02-20,2091.13194444
pending,2017-02-21,4180.10416667
pending,2017-02-22,2681.29056604
pending,2017-02-23,4124.01736111
pending,2017-02-24,3933.18055556
pending,2017-02-25,1351.0
pending,2017-02-26,
pending,2017-02-27,3823.27710843
pending,2017-02-28,2859.98611111
pending,2017-03-01,1369.23703704
pending,2017-03-02,1052.33680556
pending,2017-03-03,1257.55208333
pending,2017-03-04,1538.592
pending,2017-03-05,4998.88888889
pending,2017-03-06,3791.59375
pending,2017-03-07,3029.9375
pending,2017-03-08,3572.05208333
pending,2017-03-09,3290.57575758
pending,2017-03-10,29.7456896552
pending,2017-03-11,122.940540541
pending,2017-03-12,1531.5
pending,2017-03-13,904.097222222
pending,2017-03-14,1167.27083333
pending,2017-03-15,1903.9375
pending,2017-03-16,4658.57638889
pending,2017-03-17,5244.64236111
pending,2017-03-18,2233.84722222
pending,2017-03-19,2086.42708333
pending,2017-03-20,1794.65625
pending,2017-03-21,806.010416667
pending,2017-03-22,142.029850746
pending,2017-03-23,39.4638554217
pending,2017-03-24,3297.144
pending,2017-03-25,29863.6115108
pending,2017-03-26,28397.5427509
pending,2017-03-27,30786.6145833
pending,2017-03-28,26295.304721
pending,2017-03-29,28102.6701389
pending,2017-03-30,7725.49173554
pending,2017-03-31,2514.8
pending,2017-04-01,2314.25925926
pending,2017-04-02,4740.77011494
pending,2017-04-03,2444.72222222
pending,2017-04-04,3151.22580645
pending,2017-04-05,1697.75
pending,2017-04-06,1890.67719298
pending,2017-04-07,1038.75694444
pending,2017-04-08,839.309027778
pending,2017-04-09,1209.20486111
pending,2017-04-10,1563.14930556
pending,2017-04-11,1264.35314685
pending,2017-04-12,1045.3125
pending,2017-04-13,1752.07368421
pending,2017-04-14,2673.3125
pending,2017-04-15,1005.97916667
pending,2017-04-16,564.881944444
pending,2017-04-17,134.961672474
pending,2017-04-18,214.447916667
pending,2017-04-19,3265.07638889
pending,2017-04-20,3428.85763889
pending,2017-04-21,2802.0
pending,2017-04-22,2080.90277778
pending,2017-04-23,1612.51388889
pending,2017-04-24,3270.55902778
pending,2017-04-25,6543.86805556
pending,2017-04-26,5448.90972222
pending,2017-04-27,5110.26736111
pending,2017-04-28,4926.77430556
pending,2017-04-29,4117.03135889
pending,2017-04-30,3741.91319444
pending,2017-05-01,3372.48611111
pending,2017-05-02,2970.05208333
pending,2017-05-03,2781.47569444
pending,2017-05-04,9853.57638889
pending,2017-05-05,5882.41666667
pending,2017-05-06,4918.62847222
pending,2017-05-07,698.048611111
pending,2017-05-08,11772.7638889
pending,2017-05-09,1042.68181818
pending,2017-05-10,5927.72588832
pending,2017-05-11,1086.08571429
pending,2017-05-12,1539.06589147
pending,2017-05-13,80.6077348066
pending,2017-05-14,13312.2417582
pending,2017-05-15,26744.9169675
pending,2017-05-16,31299.2256944
pending,2017-05-17,23206.3402778
pending,2017-05-18,23039.46875
pending,2017-05-19,18615.1527778
pending,2017-05-20,14549.9479167
pending,2017-05-21,11875.5486111
pending,2017-05-22,11816.5833333
pending,2017-05-23,16291.3819444
pending,2017-05-24,7117.75347222
pending,2017-05-25,11013.0729167
pending,2017-05-26,7828.25694444
pending,2017-05-27,60.8368055556
pending,2017-05-28,38.0798611111
pending,2017-05-29,151.944723618
pending,2017-05-30,325.118055556
pending,2017-05-31,518.727272727
pending,2017-06-01,611.305882353
pending,2017-06-02,2485.54615385
pending,2017-06-03,7268.30555556
pending,2017-06-04,7847.09722222
pending,2017-06-05,8913.35763889
pending,2017-06-06,10130.1736111
pending,2017-06-07,20578.9652778
pending,2017-06-08,63206.3715278
pending,2017-06-09,36502.6493056
pending,2017-06-10,25371.5868056
pending,2017-06-11,14679.4652778
pending,2017-06-12,21451.46875
pending,2017-06-13,18725.9618056
pending,2017-06-14,30450.2256944
pending,2017-06-15,62631.2937063
pending,2017-06-16,60105.0070671
pending,2017-06-17,57039.9861111
pending,2017-06-18,52169.5277778
pending,2017-06-19,31700.738676
pending,2017-06-20,29767.3715278
pending,2017-06-21,26702.6631944
pending,2017-06-22,20936.7534722
pending,2017-06-23,13929.5714286
pending,2017-06-24,12745.4791667
pending,2017-06-25,8353.86458333
pending,2017-06-26,9291.37847222
pending,2017-06-27,7997.30555556
pending,2017-06-28,8759.04513889
pending,2017-06-29,12082.5719298
pending,2017-06-30,11167.5243056
pending,2017-07-01,5293.45486111
pending,2017-07-02,3198.21527778
pending,2017-07-03,2778.23611111
pending,2017-07-04,2500.17708333
pending,2017-07-05,1799.25347222
pending,2017-07-06,1891.04166667
pending,2017-07-07,4248.27777778
pending,2017-07-08,1039.10416667
pending,2017-07-09,817.972222222
pending,2017-07-10,579.569444444
pending,2017-07-11,657.503649635
pending,2017-07-12,511.637681159
pending,2017-07-13,1184.0245098
pending,2017-07-14,247.415525114
pending,2017-07-15,100.224
pending,2017-07-16,88.5107913669
pending,2017-07-17,3358.88848921
pending,2017-07-18,589.40625
pending,2017-07-19,414.099206349
pending,2017-07-20,1161.22594142
pending,2017-07-21,484.333333333
pending,2017-07-22,326.677083333
pending,2017-07-23,261.975694444
pending,2017-07-24,442.513888889
pending,2017-07-25,343.875
pending,2017-07-26,1810.65277778
pending,2017-07-27,2874.35416667
pending,2017-07-28,5957.18402778
pending,2017-07-29,7073.375
pending,2017-07-30,3991.87152778
pending,2017-07-31,3915.62152778
pending,2017-08-01,7645.12152778
pending,2017-08-02,8282.07986111
pending,2017-08-03,4291.34722222
pending,2017-08-04,3453.0625
pending,2017-08-05,379.947916667
pending,2017-08-06,227.666666667
pending,2017-08-07,647.759581882
pending,2017-08-08,7346.32867133
pending,2017-08-09,6611.44444444
pending,2017-08-10,1322.76736111
pending,2017-08-11,366.444444444
pending,2017-08-12,248.579861111
pending,2017-08-13,186.090277778
pending,2017-08-14,343.854166667
pending,2017-08-15,839.201388889
pending,2017-08-16,720.59375
pending,2017-08-17,3274.18055556
pending,2017-08-18,721.451388889
pending,2017-08-19,227.357638889
pending,2017-08-20,222.364583333
pending,2017-08-21,541.927083333
pending,2017-08-22,841.487562189
pending,2017-08-23,450.405797101
pending,2017-08-24,2954.47222222
pending,2017-08-25,1046.27430556
pending,2017-08-26,2576.14155251
pending,2017-08-27,1989.39545455
pending,2017-08-28,1866.5
pending,2017-08-29,1809.89930556
pending,2017-08-30,1264.67361111
pending,2017-08-31,1129.76736111
pending,2017-09-01,1069.50347222
pending,2017-09-02,275.583333333
pending,2017-09-03,219.458333333
pending,2017-09-04,42.9245283019
pending,2017-09-05,1984.82608696
pending,2017-09-06,18772.0347222
pending,2017-09-07,5298.11458333
pending,2017-09-08,5882.29861111
pending,2017-09-09,945.604395604
pending,2017-09-10,199.863636364
pending,2017-09-11,1082.94470046
pending,2017-09-12,4746.68487395
pending,2017-09-13,4228.28125
pending,2017-09-14,3653.28819444
pending,2017-09-15,4249.51041667
pending,2017-09-16,1975.55208333
pending,2017-09-17,1766.84375
pending,2017-09-18,3435.58333333
pending,2017-09-19,4353.11111111
pending,2017-09-20,3812.34375
pending,2017-09-21,8898.08680556
pending,2017-09-22,7616.40625
pending,2017-09-23,7924.53125
pending,2017-09-24,4614.29268293
pending,2017-09-25,5402.83680556
pending,2017-09-26,7556.38732394
pending,2017-09-27,3640.97916667
pending,2017-09-28,2565.13888889
pending,2017-09-29,2475.34027778
pending,2017-09-30,1947.18402778
pending,2017-10-01,739.746527778
pending,2017-10-02,978.43554007
pending,2017-10-03,363.909722222
pending,2017-10-04,617.732638889
pending,2017-10-05,8434.86805556
pending,2017-10-06,6988.69444444
pending,2017-10-07,7295.81597222
pending,2017-10-08,6018.50694444
pending,2017-10-09,5105.71527778
pending,2017-10-10,5259.32638889
pending,2017-10-11,4986.25694444
pending,2017-10-12,5221.04861111
pending,2017-10-13,5277.5
pending,2017-10-14,4534.69791667
pending,2017-10-15,5234.48611111
pending,2017-10-16,4592.95486111
pending,2017-10-17,5949.88541667
pending,2017-10-18,5310.62152778
pending,2017-10-19,4645.17013889
pending,2017-10-20,4633.39236111
pending,2017-10-21,4908.86111111
pending,2017-10-22,5706.32291667
pending,2017-10-23,4976.53819444
pending,2017-10-24,5294.67361111
pending,2017-10-25,6386.3866171
pending,2017-10-26,5089.10069444
pending,2017-10-27,4994.12847222
pending,2017-10-28,9813.0
pending,2017-10-29,14461.46875
pending,2017-10-30,10108.7430556
pending,2017-10-31,5544.68558952
pending,2017-11-01,9326.34027778
pending,2017-11-02,5642.86458333
pending,2017-11-03,2345.71527778
pending,2017-11-04,787.184210526
pending,2017-11-05,85.4439252336
pending,2017-11-06,335.526829268
pending,2017-11-07,1652.39506173
pending,2017-11-08,2554.49305556
pending,2017-11-09,955.402777778
pending,2017-11-10,326.53125
pending,2017-11-11,264.920138889
pending,2017-11-12,32.3240740741
pending,2017-11-13,1043.14173228
pending,2017-11-14,901.857638889
pending,2017-11-15,3317.37152778
pending,2017-11-16,6474.0
pending,2017-11-17,5513.17361111
pending,2017-11-18,20067.7638889
pending,2017-11-19,49188.3402062
pending,2017-11-20,23216.6578947
pending,2017-11-21,22350.8229167
pending,2017-11-22,9130.86111111
pending,2017-11-23,10795.5208333
pending,2017-11-24,2516.83680556
pending,2017-11-25,5373.54861111
pending,2017-11-26,1262.57638889
pending,2017-11-27,1261.49541284
pending,2017-11-28,2722.38541667
pending,2017-11-29,3006.61805556
pending,2017-11-30,4929.06578947
pending,2017-12-01,574.768211921
pending,2017-12-02,143.355263158
pending,2017-12-03,92.8189655172
pending,2017-12-04,447.572164948
pending,2017-12-05,8156.15416667
pending,2017-12-06,5448.47222222
pending,2017-12-07,4111.76388889
pending,2017-12-08,2556.28819444
pending,2017-12-09,676.414096916
pending,2017-12-10,627.394736842
pending,2017-12-11,1910.17721519
pending,2017-12-12,1320.34759358
pending,2017-12-13,2945.91319444
pending,2017-12-14,1355.01388889
pending,2017-12-15,316.784722222
pending,2017-12-16,294.982222222
pending,2017-12-17,466.348623853
pending,2017-12-18,1520.23863636
pending,2017-12-19,7950.69791667
pending,2017-12-20,6881.82986111
pending,2017-12-21,9135.28472222
pending,2017-12-22,6679.17708333
pending,2017-12-23,6267.89430894
pending,2017-12-24,311.837606838
pending,2017-12-25,295.251851852
pending,2017-12-26,1041.69444444
pending,2017-12-27,543.052083333
pending,2017-12-28,215.973958333
pending,2017-12-29,104.055793991
pending,2017-12-30,103.656410256
pending,2017-12-31,1743.81818182
pending,2018-01-01,34.3543307087
pending,2018-01-02,84.2291666667
pending,2018-01-03,24.71875
pending,2018-01-04,2097.56069364
pending,2018-01-05,1687.38888889
pending,2018-01-06,1090.96527778
pending,2018-01-07,450.611721612
pending,2018-01-08,787.464788732
pending,2018-01-09,2381.94979079
pending,2018-01-10,4547.08333333
pending,2018-01-11,3894.46180556
pending,2018-01-12,2456.55902778
pending,2018-01-13,1508.59722222
pending,2018-01-14,1142.51388889
pending,2018-01-15,2862.98263889
pending,2018-01-16,5525.63888889
pending,2018-01-17,4351.73611111
pending,2018-01-18,2890.39236111
pending,2018-01-19,5130.51736111
pending,2018-01-20,8104.96875
pending,2018-01-21,7861.22569444
pending,2018-01-22,14268.7916667
pending,2018-01-23,73182.7951389
pending,2018-01-24,92586.1145833
pending,2018-01-25,81286.1215278
pending,2018-01-26,56604.9166667
pending,2018-01-27,26180.2395833
pending,2018-01-28,2892.67592593
pending,2018-01-29,1188.26984127
pending,2018-01-30,1396.8988764
pending,2018-01-31,1285.01067616
pending,2018-02-01,1937.53623188
pending,2018-02-02,2409.51383399
pending,2018-02-03,664.571428571
pending,2018-02-04,1344.28125
pending,2018-02-05,3774.29515419
pending,2018-02-06,5959.57291667
pending,2018-02-07,4938.55555556
pending,2018-02-08,3895.93402778
pending,2018-02-09,1983.60377358
pending,2018-02-10,3719.84722222
pending,2018-02-11,59276.4618056
pending,2018-02-12,46703.3854167
pending,2018-02-13,11845.6527778
pending,2018-02-14,10530.5208333
pending,2018-02-15,5612.98263889
pending,2018-02-16,4021.57638889
pending,2018-02-17,8082.80215827
pending,2018-02-18,2324.55208333
pending,2018-02-19,1496.96875
pending,2018-02-20,2673.74305556
pending,2018-02-21,2695.08680556
pending,2018-02-22,186.334862385
pending,2018-02-23,38.6082474227
pending,2018-02-24,38.1701388889
pending,2018-02-25,75.0555555556
pending,2018-02-26,437.447916667
pending,2018-02-27,96.9340277778
pending,2018-02-28,2934.625
pending,2018-03-01,7419.89716312
pending,2018-03-02,3033.77304965
pending,2018-03-03,2599.13541667
pending,2018-03-04,40.9479166667
pending,2018-03-05,85.7048611111
pending,2018-03-06,226.267361111
pending,2018-03-07,198.15625
pending,2018-03-08,6891.36805556
pending,2018-03-09,5583.01041667
pending,2018-03-10,311.451388889
pending,2018-03-11,809.899305556
pending,2018-03-12,232.381944444
pending,2018-03-13,35398.9131944
pending,2018-03-14,12984.9270833
pending,2018-03-15,213.559027778
pending,2018-03-16,254.180555556
pending,2018-03-17,139.305555556
pending,2018-03-18,174.805555556
pending,2018-03-19,1038.53125
pending,2018-03-20,47319.9965278
pending,2018-03-21,23539.6319444
pending,2018-03-22,4540.81904762
pending,2018-03-23,2039.71180556
pending,2018-03-24,992.989583333
pending,2018-03-25,163.381944444
pending,2018-03-26,507.840277778
pending,2018-03-27,752.268382353
pending,2018-03-28,
pending,2018-03-29,351.172413793
pending,2018-03-30,506.213286713
pending,2018-03-31,251.541666667
pending,2018-04-01,257.569444444
pending,2018-04-02,577.388888889
pending,2018-04-03,590.388888889
pending,2018-04-04,316.875
pending,2018-04-05,691.381944444
pending,2018-04-06,210.309027778
pending,2018-04-07,76.6354166667
pending,2018-04-08,66.9826388889
pending,2018-04-09,85.7847222222
pending,2018-04-10,166.083333333
pending,2018-04-11,3651.34375
pending,2018-04-12,1024.69097222
pending,2018-04-13,74.5138888889
pending,2018-04-14,583.361111111
pending,2018-04-15,723.649305556
pending,2018-04-16,867.847222222
pending,2018-04-17,995.5625
pending,2018-04-18,705.385416667
pending,2018-04-19,1745.04513889
pending,2018-04-20,1159.99652778
pending,2018-04-21,590.1875
pending,2018-04-22,4144.4375
pending,2018-04-23,973.295138889
pending,2018-04-24,1068.38194444
pending,2018-04-25,1053.23263889
pending,2018-04-26,1374.46875
pending,2018-04-27,3121.07638889
pending,2018-04-28,932.371527778
pending,2018-04-29,791.361111111
pending,2018-04-30,85.625
pending,2018-05-01,1688.85069444
pending,2018-05-02,1102.10069444
pending,2018-05-03,3048.76041667
pending,2018-05-04,2099.86111111
pending,2018-05-05,1261.59375
pending,2018-05-06,246.59375
pending,2018-05-07,8747.23958333
pending,2018-05-08,26464.71875
pending,2018-05-09,36215.15625
pending,2018-05-10,35048.2291667
pending,2018-05-11,26914.3090278
pending,2018-05-12,14945.8645833
pending,2018-05-13,3044.24305556
pending,2018-05-14,398.555555556
pending,2018-05-15,7103.06944444
pending,2018-05-16,17675.1041667
pending,2018-05-17,23938.4340278
pending,2018-05-18,20766.6423611
pending,2018-05-19,11332.9861111
pending,2018-05-20,30578.6006944
pending,2018-05-21,45264.9027778
pending,2018-05-22,5540.71527778
pending,2018-05-23,4203.85169492
pending,2018-05-24,
pending,2018-05-25,5686.69230769
pending,2018-05-26,4785.98263889
pending,2018-05-27,13491.6319444
pending,2018-05-28,5738.75
pending,2018-05-29,2063.92013889
pending,2018-05-30,957.921708185
pending,2018-05-31,4615.37634409
total,2016-09-10,47.2473867596
total,2016-09-11,56.0
total,2016-09-12,727.027777778
total,2016-09-13,9614.30555556
total,2016-09-14,10360.0
total,2016-09-15,10360.0
total,2016-09-16,10360.0
total,2016-09-17,10360.0
total,2016-09-18,10360.0
total,2016-09-19,10360.0
total,2016-09-20,10360.0
total,2016-09-21,10360.0
total,2016-09-22,10360.0
total,2016-09-23,10360.0
total,2016-09-24,10360.0
total,2016-09-25,10360.0
total,2016-09-26,10360.0
total,2016-09-27,10360.0
total,2016-09-28,10360.0
total,2016-09-29,10360.0
total,2016-09-30,10360.0
total,2016-10-01,10360.0
total,2016-10-02,10360.0
total,2016-10-03,10360.0
total,2016-10-04,10360.0
total,2016-10-05,10360.0
total,2016-10-06,10360.0
total,2016-10-07,10360.0
total,2016-10-08,10360.0
total,2016-10-09,10360.0
total,2016-10-10,10360.0
total,2016-10-11,10360.0
total,2016-10-12,10360.0
total,2016-10-13,10360.0
total,2016-10-14,10360.0
total,2016-10-15,10360.0
total,2016-10-16,10360.0
total,2016-10-17,10360.0
total,2016-10-18,10360.0
total,2016-10-19,10360.0
total,2016-10-20,10391.5
total,2016-10-21,11116.0
total,2016-10-22,11116.0
total,2016-10-23,11116.0
total,2016-10-24,11182.9861111
total,2016-10-25,11480.0
total,2016-10-26,11325.8055556
total,2016-10-27,11116.0
total,2016-10-28,11116.0
total,2016-10-29,11116.0
total,2016-10-30,11116.0
total,2016-10-31,11116.0
total,2016-11-01,11116.0
total,2016-11-02,11116.0
total,2016-11-03,11116.0
total,2016-11-04,11116.0
total,2016-11-05,11116.0
total,2016-11-06,11116.0
total,2016-11-07,11116.0
total,2016-11-08,11116.0
total,2016-11-09,11116.0
total,2016-11-10,11116.0
total,2016-11-11,11116.0
total,2016-11-12,11116.0
total,2016-11-13,11116.0
total,2016-11-14,11116.0
total,2016-11-15,11116.0
total,2016-11-16,11116.0
total,2016-11-17,11116.0
total,2016-11-18,11116.0
total,2016-11-19,11116.0
total,2016-11-20,11116.0
total,2016-11-21,11116.0
total,2016-11-22,11116.0
total,2016-11-23,11116.0
total,2016-11-24,10557.9444444
total,2016-11-25,10332.0
total,2016-11-26,10332.0
total,2016-11-27,10332.0
total,2016-11-28,10332.0
total,2016-11-29,10332.0
total,2016-11-30,10332.0
total,2016-12-01,10332.0
total,2016-12-02,10332.0
total,2016-12-03,10332.0
total,2016-12-04,10332.0
total,2016-12-05,10332.0
total,2016-12-06,10332.0
total,2016-12-07,10332.0
total,2016-12-08,10332.0
total,2016-12-09,10332.0
total,2016-12-10,10332.0
total,2016-12-11,10332.0
total,2016-12-12,10332.0
total,2016-12-13,10332.0
total,2016-12-14,10332.0
total,2016-12-15,10332.0
total,2016-12-16,10332.0
total,2016-12-17,10332.0
total,2016-12-18,10332.0
total,2016-12-19,10332.0
total,2016-12-20,10332.0
total,2016-12-21,10332.0
total,2016-12-22,10332.0
total,2016-12-23,10332.0
total,2016-12-24,10332.0
total,2016-12-25,10332.0
total,2016-12-26,10332.0
total,2016-12-27,10332.0
total,2016-12-28,10332.0
total,2016-12-29,10332.0
total,2016-12-30,10332.0
total,2016-12-31,10332.0
total,2017-01-01,10332.0
total,2017-01-02,10332.0
total,2017-01-03,10332.0
total,2017-01-04,10332.0
total,2017-01-05,10332.0
total,2017-01-06,10332.0
total,2017-01-07,10332.0
total,2017-01-08,10332.0
total,2017-01-09,10332.0
total,2017-01-10,10332.0
total,2017-01-11,10332.0
total,2017-01-12,10332.0
total,2017-01-13,10332.0
total,2017-01-14,10332.0
total,2017-01-15,10332.0
total,2017-01-16,10332.0
total,2017-01-17,10332.0
total,2017-01-18,10332.0
total,2017-01-19,10332.0
total,2017-01-20,10332.0
total,2017-01-21,10332.0
total,2017-01-22,10332.0
total,2017-01-23,10332.0
total,2017-01-24,10256.1666667
total,2017-01-25,9772.0
total,2017-01-26,9772.0
total,2017-01-27,9772.0
total,2017-01-28,9772.0
total,2017-01-29,8764.0
total,2017-01-30,8260.0
total,2017-01-31,8260.0
total,2017-02-01,8260.0
total,2017-02-02,8260.0
total,2017-02-03,8260.0
total,2017-02-04,8260.0
total,2017-02-05,8260.0
total,2017-02-06,8260.0
total,2017-02-07,8260.0
total,2017-02-08,8232.75675676
total,2017-02-09,8204.0
total,2017-02-10,8204.0
total,2017-02-11,8204.0
total,2017-02-12,8204.0
total,2017-02-13,8204.0
total,2017-02-14,8204.0
total,2017-02-15,8204.0
total,2017-02-16,8204.0
total,2017-02-17,8204.0
total,2017-02-18,8204.0
total,2017-02-19,8204.0
total,2017-02-20,8204.0
total,2017-02-21,8209.34722222
total,2017-02-22,8232.0
total,2017-02-23,8232.0
total,2017-02-24,8232.0
total,2017-02-25,8232.0
total,2017-02-26,
total,2017-02-27,8232.0
total,2017-02-28,8232.0
total,2017-03-01,8093.16666667
total,2017-03-02,7896.0
total,2017-03-03,7896.0
total,2017-03-04,7896.0
total,2017-03-05,7896.0
total,2017-03-06,7896.0
total,2017-03-07,7896.0
total,2017-03-08,7896.0
total,2017-03-09,7977.66666667
total,2017-03-10,8092.0
total,2017-03-11,8092.0
total,2017-03-12,8092.0
total,2017-03-13,8092.0
total,2017-03-14,8092.0
total,2017-03-15,8092.0
total,2017-03-16,8092.0
total,2017-03-17,8092.0
total,2017-03-18,8092.0
total,2017-03-19,8092.0
total,2017-03-20,8092.0
total,2017-03-21,8092.0
total,2017-03-22,8092.0
total,2017-03-23,8092.0
total,2017-03-24,8092.0
total,2017-03-25,8092.0
total,2017-03-26,8092.0
total,2017-03-27,8092.0
total,2017-03-28,8092.0
total,2017-03-29,8092.0
total,2017-03-30,8092.0
total,2017-03-31,8092.0
total,2017-04-01,8092.0
total,2017-04-02,8092.0
total,2017-04-03,8092.0
total,2017-04-04,8092.0
total,2017-04-05,8092.0
total,2017-04-06,8092.0
total,2017-04-07,8092.0
total,2017-04-08,8092.0
total,2017-04-09,8092.0
total,2017-04-10,8092.0
total,2017-04-11,8092.0
total,2017-04-12,8092.0
total,2017-04-13,8092.0
total,2017-04-14,8092.0
total,2017-04-15,8092.0
total,2017-04-16,8092.0
total,2017-04-17,8092.0
total,2017-04-18,8092.0
total,2017-04-19,8092.0
total,2017-04-20,8092.0
total,2017-04-21,8092.0
total,2017-04-22,8092.0
total,2017-04-23,8092.0
total,2017-04-24,8092.0
total,2017-04-25,8092.0
total,2017-04-26,8092.0
total,2017-04-27,8092.0
total,2017-04-28,8092.0
total,2017-04-29,8092.0
total,2017-04-30,8092.0
total,2017-05-01,8092.0
total,2017-05-02,8092.0
total,2017-05-03,8092.0
total,2017-05-04,8092.0
total,2017-05-05,8092.0
total,2017-05-06,8092.0
total,2017-05-07,8092.0
total,2017-05-08,8092.0
total,2017-05-09,8092.0
total,2017-05-10,8092.0
total,2017-05-11,8092.0
total,2017-05-12,8092.0
total,2017-05-13,8092.0
total,2017-05-14,8092.0
total,2017-05-15,8092.0
total,2017-05-16,8092.0
total,2017-05-17,8092.0
total,2017-05-18,8092.0
total,2017-05-19,8092.0
total,2017-05-20,8092.0
total,2017-05-21,8092.0
total,2017-05-22,8092.0
total,2017-05-23,8092.0
total,2017-05-24,8092.0
total,2017-05-25,8092.0
total,2017-05-26,8092.0
total,2017-05-27,8092.0
total,2017-05-28,8092.0
total,2017-05-29,8092.0
total,2017-05-30,8092.0
total,2017-05-31,8092.0
total,2017-06-01,8092.0
total,2017-06-02,8092.0
total,2017-06-03,8092.0
total,2017-06-04,8092.0
total,2017-06-05,8092.0
total,2017-06-06,8092.0
total,2017-06-07,8092.0
total,2017-06-08,8092.0
total,2017-06-09,8092.0
total,2017-06-10,8092.0
total,2017-06-11,8092.0
total,2017-06-12,8092.0
total,2017-06-13,8092.0
total,2017-06-14,8092.0
total,2017-06-15,8092.0
total,2017-06-16,8092.0
total,2017-06-17,8092.0
total,2017-06-18,8092.0
total,2017-06-19,8092.0
total,2017-06-20,8092.0
total,2017-06-21,8092.0
total,2017-06-22,8092.0
total,2017-06-23,8092.0
total,2017-06-24,8092.0
total,2017-06-25,8092.0
total,2017-06-26,8092.0
total,2017-06-27,8092.0
total,2017-06-28,8092.0
total,2017-06-29,8092.0
total,2017-06-30,8092.0
total,2017-07-01,8092.0
total,2017-07-02,8092.0
total,2017-07-03,8092.0
total,2017-07-04,8092.0
total,2017-07-05,8092.0
total,2017-07-06,8092.0
total,2017-07-07,8092.0
total,2017-07-08,8092.0
total,2017-07-09,8092.0
total,2017-07-10,8092.0
total,2017-07-11,8092.0
total,2017-07-12,8092.0
total,2017-07-13,8092.0
total,2017-07-14,8092.0
total,2017-07-15,8092.0
total,2017-07-16,8092.0
total,2017-07-17,8092.0
total,2017-07-18,8092.0
total,2017-07-19,8092.0
total,2017-07-20,8092.0
total,2017-07-21,8092.0
total,2017-07-22,8092.0
total,2017-07-23,8092.0
total,2017-07-24,8092.0
total,2017-07-25,8092.0
total,2017-07-26,8092.0
total,2017-07-27,8092.0
total,2017-07-28,8092.0
total,2017-07-29,8092.0
total,2017-07-30,8092.0
total,2017-07-31,8092.0
total,2017-08-01,8092.0
total,2017-08-02,8092.0
total,2017-08-03,8092.0
total,2017-08-04,8092.0
total,2017-08-05,8092.0
total,2017-08-06,8092.0
total,2017-08-07,8092.0
total,2017-08-08,8092.0
total,2017-08-09,8092.0
total,2017-08-10,8092.0
total,2017-08-11,8092.0
total,2017-08-12,8092.0
total,2017-08-13,8092.0
total,2017-08-14,8092.0
total,2017-08-15,8092.0
total,2017-08-16,8092.0
total,2017-08-17,8092.0
total,2017-08-18,8092.0
total,2017-08-19,8092.0
total,2017-08-20,8092.0
total,2017-08-21,8092.0
total,2017-08-22,8092.0
total,2017-08-23,8092.0
total,2017-08-24,8092.0
total,2017-08-25,8092.0
total,2017-08-26,8092.0
total,2017-08-27,8092.0
total,2017-08-28,8092.0
total,2017-08-29,8092.0
total,2017-08-30,8092.0
total,2017-08-31,8092.0
total,2017-09-01,8092.0
total,2017-09-02,8092.0
total,2017-09-03,8092.0
total,2017-09-04,8092.0
total,2017-09-05,8092.0
total,2017-09-06,8092.0
total,2017-09-07,8092.0
total,2017-09-08,8092.0
total,2017-09-09,8092.0
total,2017-09-10,8092.0
total,2017-09-11,8092.0
total,2017-09-12,8092.0
total,2017-09-13,8092.0
total,2017-09-14,8092.0
total,2017-09-15,8092.0
total,2017-09-16,8092.0
total,2017-09-17,8092.0
total,2017-09-18,8353.13888889
total,2017-09-19,10304.0
total,2017-09-20,10304.0
total,2017-09-21,10304.0
total,2017-09-22,10304.0
total,2017-09-23,10304.0
total,2017-09-24,10304.0
total,2017-09-25,10304.0
total,2017-09-26,10266.1352313
total,2017-09-27,10164.0
total,2017-09-28,10164.0
total,2017-09-29,10164.0
total,2017-09-30,10164.0
total,2017-10-01,10164.0
total,2017-10-02,10164.0
total,2017-10-03,10164.0
total,2017-10-04,10164.0
total,2017-10-05,10164.0
total,2017-10-06,10164.0
total,2017-10-07,10164.0
total,2017-10-08,10164.0
total,2017-10-09,10164.0
total,2017-10-10,10164.0
total,2017-10-11,10164.0
total,2017-10-12,10164.0
total,2017-10-13,10164.0
total,2017-10-14,10164.0
total,2017-10-15,10164.0
total,2017-10-16,10164.0
total,2017-10-17,10164.0
total,2017-10-18,10164.0
total,2017-10-19,10164.0
total,2017-10-20,10164.0
total,2017-10-21,10164.0
total,2017-10-22,10164.0
total,2017-10-23,10164.0
total,2017-10-24,10164.0
total,2017-10-25,10164.0
total,2017-10-26,10164.0
total,2017-10-27,10164.0
total,2017-10-28,10164.0
total,2017-10-29,10164.0
total,2017-10-30,10164.0
total,2017-10-31,10164.0
total,2017-11-01,10164.0
total,2017-11-02,10164.0
total,2017-11-03,10164.0
total,2017-11-04,10164.0
total,2017-11-05,10164.0
total,2017-11-06,10164.0
total,2017-11-07,10164.0
total,2017-11-08,10164.0
total,2017-11-09,10164.0
total,2017-11-10,10164.0
total,2017-11-11,10164.0
total,2017-11-12,10164.0
total,2017-11-13,10164.0
total,2017-11-14,10164.0
total,2017-11-15,10164.0
total,2017-11-16,10102.75
total,2017-11-17,9912.0
total,2017-11-18,9912.0
total,2017-11-19,9912.0
total,2017-11-20,9912.0
total,2017-11-21,9912.0
total,2017-11-22,9912.0
total,2017-11-23,9912.0
total,2017-11-24,9912.0
total,2017-11-25,9912.0
total,2017-11-26,9912.0
total,2017-11-27,9912.0
total,2017-11-28,9912.0
total,2017-11-29,9912.0
total,2017-11-30,9912.0
total,2017-12-01,9912.0
total,2017-12-02,9912.0
total,2017-12-03,9912.0
total,2017-12-04,9912.0
total,2017-12-05,9912.0
total,2017-12-06,9912.0
total,2017-12-07,9912.0
total,2017-12-08,9912.0
total,2017-12-09,9912.0
total,2017-12-10,9912.0
total,2017-12-11,9912.0
total,2017-12-12,9912.0
total,2017-12-13,9912.0
total,2017-12-14,9912.0
total,2017-12-15,9912.0
total,2017-12-16,9912.0
total,2017-12-17,9912.0
total,2017-12-18,9912.0
total,2017-12-19,9912.0
total,2017-12-20,9912.0
total,2017-12-21,9912.0
total,2017-12-22,9912.0
total,2017-12-23,9912.0
total,2017-12-24,9912.0
total,2017-12-25,9912.0
total,2017-12-26,9912.0
total,2017-12-27,9912.0
total,2017-12-28,9912.0
total,2017-12-29,9912.0
total,2017-12-30,9912.0
total,2017-12-31,9912.0
total,2018-01-01,9912.0
total,2018-01-02,9912.0
total,2018-01-03,9912.0
total,2018-01-04,9912.0
total,2018-01-05,9912.0
total,2018-01-06,9912.0
total,2018-01-07,9912.0
total,2018-01-08,9912.0
total,2018-01-09,9912.0
total,2018-01-10,9912.0
total,2018-01-11,9912.0
total,2018-01-12,9912.0
total,2018-01-13,9912.0
total,2018-01-14,9912.0
total,2018-01-15,9912.0
total,2018-01-16,9912.0
total,2018-01-17,9912.0
total,2018-01-18,9912.0
total,2018-01-19,9912.0
total,2018-01-20,9912.0
total,2018-01-21,9912.0
total,2018-01-22,9912.0
total,2018-01-23,9912.0
total,2018-01-24,9912.0
total,2018-01-25,9912.0
total,2018-01-26,9912.0
total,2018-01-27,9912.0
total,2018-01-28,9912.0
total,2018-01-29,9912.0
total,2018-01-30,9912.0
total,2018-01-31,9912.0
total,2018-02-01,9912.0
total,2018-02-02,9912.0
total,2018-02-03,9912.0
total,2018-02-04,9912.0
total,2018-02-05,9912.0
total,2018-02-06,9912.0
total,2018-02-07,9912.0
total,2018-02-08,9912.0
total,2018-02-09,9912.0
total,2018-02-10,9912.0
total,2018-02-11,9912.0
total,2018-02-12,9912.0
total,2018-02-13,9912.0
total,2018-02-14,9912.0
total,2018-02-15,9912.0
total,2018-02-16,9912.0
total,2018-02-17,9912.0
total,2018-02-18,9912.0
total,2018-02-19,9912.0
total,2018-02-20,9867.76388889
total,2018-02-21,9772.0
total,2018-02-22,9772.0
total,2018-02-23,9772.0
total,2018-02-24,9772.0
total,2018-02-25,9772.0
total,2018-02-26,9772.0
total,2018-02-27,9772.0
total,2018-02-28,9772.0
total,2018-03-01,9772.0
total,2018-03-02,9772.0
total,2018-03-03,9772.0
total,2018-03-04,9772.0
total,2018-03-05,9772.0
total,2018-03-06,9772.0
total,2018-03-07,9772.0
total,2018-03-08,9772.0
total,2018-03-09,9772.0
total,2018-03-10,9772.0
total,2018-03-11,9772.0
total,2018-03-12,9772.0
total,2018-03-13,9772.0
total,2018-03-14,9772.0
total,2018-03-15,9772.0
total,2018-03-16,9772.0
total,2018-03-17,9772.0
total,2018-03-18,9772.0
total,2018-03-19,9772.0
total,2018-03-20,9772.0
total,2018-03-21,9772.0
total,2018-03-22,9772.0
total,2018-03-23,9772.0
total,2018-03-24,9772.0
total,2018-03-25,9772.0
total,2018-03-26,9772.0
total,2018-03-27,9772.0
total,2018-03-28,
total,2018-03-29,9772.0
total,2018-03-30,9772.0
total,2018-03-31,9772.0
total,2018-04-01,9772.0
total,2018-04-02,9772.0
total,2018-04-03,9772.0
total,2018-04-04,9772.0
total,2018-04-05,9772.0
total,2018-04-06,9772.0
total,2018-04-07,9772.0
total,2018-04-08,9772.0
total,2018-04-09,9772.0
total,2018-04-10,9772.0
total,2018-04-11,9772.0
total,2018-04-12,9772.0
total,2018-04-13,9772.0
total,2018-04-14,9772.0
total,2018-04-15,9772.0
total,2018-04-16,9772.0
total,2018-04-17,9772.0
total,2018-04-18,9772.0
total,2018-04-19,9772.0
total,2018-04-20,9772.0
total,2018-04-21,9772.0
total,2018-04-22,9772.0
total,2018-04-23,9772.0
total,2018-04-24,9772.0
total,2018-04-25,9772.0
total,2018-04-26,9772.0
total,2018-04-27,9772.0
total,2018-04-28,9772.0
total,2018-04-29,9772.0
total,2018-04-30,9772.0
total,2018-05-01,9772.0
total,2018-05-02,9772.0
total,2018-05-03,9772.0
total,2018-05-04,9772.0
total,2018-05-05,9772.0
total,2018-05-06,9772.0
total,2018-05-07,9772.0
total,2018-05-08,9772.0
total,2018-05-09,9772.0
total,2018-05-10,9772.0
total,2018-05-11,9772.0
total,2018-05-12,9772.0
total,2018-05-13,9772.0
total,2018-05-14,9772.0
total,2018-05-15,9772.0
total,2018-05-16,9772.0
total,2018-05-17,9772.0
total,2018-05-18,9772.0
total,2018-05-19,9772.0
total,2018-05-20,9772.0
total,2018-05-21,9772.0
total,2018-05-22,9772.0
total,2018-05-23,9772.0
total,2018-05-24,
total,2018-05-25,9772.0
total,2018-05-26,9772.0
total,2018-05-27,9772.0
total,2018-05-28,9772.0
total,2018-05-29,9772.0
total,2018-05-30,9772.0
total,2018-05-31,9772.0
