Unnamed: 0,account,jobs,su,users,avg_cores,avg_nodes,cpuhours,cycle
0,pi-depablo,280213,5599435.43,25,15.4372,1.0765,5598894.0722,2013
1,pi-gavoth,14916,2209172.35,26,27.5141,2.3598,2209127.4683,2013
2,pi-roux,4913,1628073.21,11,37.9546,2.9689,1628057.9467,2013
3,pi-freed,12722,1374834.35,9,25.8114,2.5006,1374792.3506,2013
4,pi-kravtsov,3679,1287102.48,2,174.4091,11.5439,1287093.5369,2013
5,pi-dbiron,2766,707289.27,6,60.5383,4.1186,707277.7431,2013
6,pi-dinner,38931,517118.63,7,8.6615,1.3566,516990.485,2013
7,pi-drowley,171,512915.2,1,459.6082,28.9298,512914.4267,2013
8,pi-eperozo,459,506681.18,1,94.2484,6.7059,506680.0,2013
9,pi-fciesla,1515,498717.06,2,24.9782,5.2568,498710.975,2013
10,pi-abbot,1150,435889.5,4,38.5687,5.2904,435884.9369,2013
11,pi-dachxiu,2427,326662.45,3,14.130999999999998,1.1092,326652.6422,2013
12,rcc-staff,6048,210129.72,15,33.6682,5.6182,210102.7608,2013
13,pi-wilde,7893,132879.06,7,12.6498,1.3924,132855.9308,2013
14,pi-joshuaelliott,2560,112361.76,7,22.5645,2.4988,112350.4444,2013
15,pi-nbrunel,4786,104132.25,3,3.5380000000000003,1.0938,104110.7853,2013
16,pi-dholz,17,100256.5,1,451.7647,28.5882,100256.4267,2013
17,pi-aaz,1368,60515.09,1,28.3743,2.0439,60510.04,2013
18,pi-akonigl,193,56534.82,2,41.7824,2.7772,56533.9911,2013
19,pi-gnedin,57,55536.41,1,168.9825,10.9123,55536.2578,2013
20,pi-tokmakoff,10971,54031.42,9,3.915,1.1338,53982.5411,2013
21,pi-jfrieman,196,50276.19,1,8.0714,1.0204,50275.3428,2013
22,pi-lupingyu,52,44910.61,1,54.7692,3.6538,44910.4311,2013
23,pi-cpel,3033,36273.11,1,2.8839,1.3416,36264.4158,2013
24,cmsc33001,138,32765.57,2,32.0942,3.0,32764.9289,2013
25,pi-deisenst,256,32078.52,1,19.3477,2.6953,32077.6403,2013
26,pi-jheckman,160,29571.81,1,68.475,4.8688,29571.065,2013
27,pi-mstephens,5971,28160.39,2,1.1306,1.2211,28140.245,2013
28,pi-jtruran,186,24286.69,3,25.3441,2.2527,24285.9411,2013
29,swift,5605,16240.13,6,10.4412,1.4555,16222.5733,2013
30,pi-ckao95,67,15573.29,2,41.9104,4.4925,15572.9661,2013
31,pi-ad15,858,13478.84,1,11.0641,1.6748,13474.8814,2013
32,pi-arzhetsky,1467,11715.15,2,3.591,1.0798,11708.1192,2013
33,pi-rbgramacy,28,9693.66,1,306.8571,19.25,9693.5244,2013
34,pi-taddy,287,7908.26,1,93.3066,6.2857,7907.3089,2013
35,pi-moyer,1299,6886.4,3,1.2263,1.0855,6880.2692,2013
36,pi-rjlalond,30,6798.22,1,12.0,1.0333,6798.1467,2013
37,pi-rkessler,51447,6749.01,5,0.9982,1.002,6452.9975,2013
38,pi-dyork,32,6122.11,1,19.3438,5.0625,6121.9961,2013
39,pi-rwg,19672,5799.82,3,0.9995,1.0004,5727.3664,2013
40,pi-gilbertjack,434,5237.78,4,5.0599,1.1152,5235.9803,2013
41,pi-vzhorin,66,5013.92,1,9.8182,1.1212,5013.6392,2013
42,pi-cosar,123,4346.83,1,9.7317,1.3984,4346.4878,2013
43,cspp51087,2883,4289.92,14,20.2185,2.0805,4276.4989,2013
44,econ41903,30,2370.35,6,12.3667,1.1333,2370.2333,2013
45,pi-nicho,5115,2208.54,3,0.6829,1.3881,2186.2561,2013
46,pi-sethi,65,2158.88,1,14.7692,1.0769,2158.6,2013
47,pi-skeedy,192,1708.14,6,5.6875,1.1406,1707.2236,2013
48,pi-fabrycky,59,1393.01,2,15.2881,1.0847,1392.7631,2013
49,pi-lafferty,166,1132.94,1,13.5422,1.0181,1132.1489,2013
50,pi-aclyu,107,940.58,2,2.1308,1.1308,940.1072,2013
51,pi-mkolar,1528,393.09,1,0.716,1.3174,387.9286,2013
52,pi-price,25,220.46,1,14.6,1.48,220.3597,2013
53,pi-siegela,46,160.77,1,5.5435,1.3913,160.6336,2013
54,pi-vikramvd,19,123.4,1,25.3158,1.6316,123.3514,2013
55,cmsc12300,48,87.86,7,11.6667,3.0417,87.6733,2013
56,pi-rrosner,160,82.3,1,0.975,1.025,81.4628,2013
57,rcc-guest,109,34.19,13,6.3028,1.5046,33.7233,2013
58,pi-uschmid,33,29.06,1,1.0,1.0,28.9286,2013
59,pi-rtp1,50,24.82,2,4.0,1.58,24.7178,2013
60,psd,13,6.14,1,1.0769,1.0769,6.0725,2013
61,pi-slv,2,4.15,1,12.0,1.0,4.15,2013
62,pi-jabadner,7,2.85,1,14.4286,1.5714,2.8206,2013
63,pi-dpope,10,2.13,1,1.4,1.8,2.0767,2013
64,pi-ossa,1,2.01,1,1.0,1.0,2.0069,2013
65,pi-hortacsu,9,0.27,1,5.6667,1.3333,0.2383,2013
66,pi-gruzberg,5,0.07,1,0.8,1.4,0.0567,2013
67,sandbox,3,0.0,1,0.3333,1.6667,0.0,2013
0,pi-depablo,128027,6909992.38,30,20.5905,1.5637,6909452.9458,2014
1,pi-gavoth,16609,2440484.42,27,18.1873,1.8029,2440408.7608,2014
2,pi-roux,10322,2037586.81,8,27.5703,2.1465,2037545.9414,2014
3,pi-dbiron,3770,1309805.49,7,40.3154,2.6804,1309789.0122,2014
4,pi-kravtsov,922,1249791.13,3,85.8915,5.461,1249787.0231,2014
5,pi-freed,34035,1094133.82,10,2.3169999999999997,1.1125,1093972.6194,2014
6,pi-joshuaelliott,149013,1005520.57,9,16.7292,1.3780000000000001,1004965.0736,2014
7,pi-hortacsu,1769,876523.75,13,65.818,5.5037,876516.2519,2014
8,pi-gnedin,16002,835548.94,2,15.6365,1.2265,835488.3525,2014
9,pi-drowley,188,814035.77,1,764.6809,48.1436,814034.9378,2014
10,pi-abbot,2746,725124.15,3,22.4807,8.0488,725112.9489,2014
11,pi-dinner,49793,685450.62,13,8.1733,1.199,685215.5008,2014
12,pi-eperozo,323,540939.96,1,135.7276,8.7864,540938.6667,2014
13,rcc-staff,6140,478940.71,16,50.251000000000005,4.3879,478913.7214,2014
14,pi-akonigl,674,461728.49,3,90.1499,5.7433,461725.6117,2014
15,pi-aachien,3216,258098.9,5,52.0967,8.0056,258087.5364,2014
16,pi-ehurst,134542,251536.69,2,1.381,1.1163,250951.2017,2014
17,pi-jfrieman,699,202260.16,1,9.6423,1.0029,202256.8306,2014
18,pi-collar,369250,171599.47,2,0.9977,1.0024,169526.5858,2014
19,pi-rree,571,171145.69,4,24.7198,2.0263,171143.3519,2014
20,pi-fciesla,250,169766.6,2,35.324,13.82,169765.6572,2014
21,pi-taddy,478,162658.84,4,291.7971,19.9854,162657.0831,2014
22,pi-burhan,26240,117219.23,2,11.2748,1.6599,117058.0867,2014
23,pi-dholz,1683,111387.08,1,341.8942,19.9709,111380.8756,2014
24,pi-kite,42598,105868.37,1,1.9535,1.0133,105701.2053,2014
25,pi-vzhorin,275,104609.53,1,81.6073,5.4073,104608.4219,2014
26,pi-mkolar,936,67578.27,1,17.1368,2.6581,67576.335,2014
27,pi-fabrycky,5838,67251.71,3,2.7088,1.0894,67224.8511,2014
28,pi-rwg,9641,65550.64,4,4.4681,1.0281,65513.2583,2014
29,pi-sepalmer,8728,62684.39,3,4.2709,1.1849,62645.6861,2014
30,pi-aaz,337,60379.07,3,10.368,1.0415,60377.5075,2014
31,pi-nbrunel,11561,59814.42,4,1.3943,1.0029,59755.1383,2014
32,pi-moyer,5013,58838.21,9,5.7828,1.2956,58814.4922,2014
33,pi-tintelnot,562,57344.46,2,19.2847,1.5036,57342.4369,2014
34,pi-tokmakoff,8748,56171.08,8,7.816,1.1592,56138.1869,2014
35,pi-jinbo,22910,55940.94,5,3.6189,1.2759,55842.4553,2014
36,cmsc12300,101,55723.31,9,18.3168,2.9703,55722.8536,2014
37,bios11103,230,52109.21,7,95.3304,6.0174,52108.5308,2014
38,pi-yaliamit,1052,50634.16,4,41.5171,2.9392,50629.5425,2014
39,pi-nicho,536,45362.21,4,10.5709,1.1716,45360.1472,2014
40,pi-wenbinlin,827,40596.51,3,8.7473,1.0254,40592.8606,2014
41,pi-kazutaka,237,34248.1,3,9.9198,1.0042,34247.0525,2014
42,pi-rossc,347,33003.05,6,10.5764,1.0115,33001.4981,2014
43,pi-wilde,7460,31718.27,6,19.4551,1.6202,31689.1256,2014
44,pi-rkessler,138970,28673.89,7,0.9883,1.0121,27904.7267,2014
45,pi-jozik,402,28059.34,2,15.2687,1.2662,28057.8511,2014
46,pi-gilbertjack,4279,24419.65,8,6.5688,1.1075,24403.0583,2014
47,pi-jaredlewis,128,23731.05,2,14.1094,1.4297,23730.4733,2014
48,cspp51087,633,22950.99,15,18.357,1.6382,22948.3239,2014
49,pi-rbgramacy,384,22168.66,1,37.9297,2.5365,22166.9464,2014
50,pi-neiman,1068,21769.84,2,11.4831,1.0627,21765.3436,2014
51,pi-rtp1,2217,21504.77,3,15.3433,7.5719,21495.8386,2014
52,pi-liantaow,337025,14529.95,3,0.9913,1.0098,12777.5656,2014
53,chem26800,1746,12191.56,22,2.9273,1.1667,12182.6739,2014
54,pi-richardjeanso,525,10185.09,4,5.4305,1.2590000000000001,10182.9778,2014
55,pi-mstephens,28756,9616.93,2,1.095,1.002,9475.6897,2014
56,pi-whu5,75,9555.68,1,34.56,2.4667,9555.44,2014
57,pi-lupingyu,5,9216.65,1,51.2,4.4,9216.64,2014
58,pi-jevans,974,8751.22,10,14.6047,2.0862,8749.4967,2014
59,pi-gagalli,892,8065.75,3,108.3251,6.8733,8062.1025,2014
60,pi-dhooper,1979,7818.48,1,0.9141,1.0227,7809.5931,2014
61,pi-gdwyer,1651,7211.09,2,1.745,1.0575,7202.4028,2014
62,pi-kkawaji,96,5465.89,1,8.8854,1.0833,5465.4544,2014
63,pi-rjlalond,106,5225.11,4,3.1887,1.0377,5224.5417,2014
64,pi-ishanu,132,5054.86,1,10.4848,1.0303,5054.1467,2014
65,pi-skeedy,336,4966.95,6,2.8036,1.0238,4965.2108,2014
66,pi-jagoldsm,147,4514.48,2,20.381,1.7891,4513.9289,2014
67,pi-mlcoleman,1118,3254.71,3,1.7442,1.8605,3252.1317,2014
68,pi-aclyu,553,3051.6,6,3.7902,3.34,3049.0181,2014
69,pi-weyl,939,2888.59,3,1.7881,1.0735,2883.7403,2014
70,pi-dachxiu,59,2347.63,1,16.0,1.0,2347.3378,2014
71,pi-levin,79,2285.16,3,11.1139,1.0127,2284.8092,2014
72,pi-gan1,212,2069.64,1,40.3396,3.5472,2068.5653,2014
73,pi-nikolaev,22,1644.98,2,15.2727,1.0455,1644.88,2014
74,pi-wtmirvine,91,1359.07,2,203.2418,12.7582,1358.7092,2014
75,pi-ghitsch,69,1317.41,1,11.2029,1.0290000000000001,1317.1197,2014
76,pi-foster,6,1286.11,1,128.0,8.0,1286.08,2014
77,soci40133,8699,1253.55,18,1.0798,1.0036,1209.7072,2014
78,pi-cpel,43,1238.44,2,13.8837,1.0233,1238.2772,2014
79,pi-price,8,1193.83,1,864.0,54.25,1193.8133,2014
80,pi-uschmid,35,1065.81,1,10.4571,1.1714,1065.6369,2014
81,pi-dpope,54,915.08,1,6.9074,1.3889,914.9467,2014
82,pi-sdodelso,180,895.05,2,1.3444,1.0333,894.1111,2014
83,bfi,219,876.25,2,1.274,1.0365,875.0447,2014
84,pi-jongrant,15,865.24,1,15.0,1.0,865.1594,2014
85,pi-asufi,8,665.64,1,6.375,1.125,665.6117,2014
86,pi-cobey,2690,637.26,2,0.9602,1.0398,621.0436,2014
87,pi-arzhetsky,634,621.89,1,0.9937,1.0063,618.5153,2014
88,rcc-software,31,584.38,1,84.7097,5.8387,584.2078,2014
89,cmsc33001,229,515.85,6,9.6376,5.5939,514.8908,2014
90,pi-vikramvd,11,453.54,1,52.3636,3.2727,453.5111,2014
91,pi-cosar,9,344.47,1,2.2222,1.0,344.4553,2014
92,pi-sarice,66,150.88,1,1.0,1.0,150.5447,2014
93,mgcb32000,101,143.99,12,0.9901,1.0099,143.5014,2014
94,pi-siegela,8,104.65,1,6.625,1.0,104.6044,2014
95,pi-jabadner,45,75.08,1,0.9778,1.0222,74.8753,2014
96,pi-evtimov,67,69.26,3,0.9701,1.0746,68.9689,2014
97,pi-dyork,49,48.43,1,3.6122,1.4082,48.1492,2014
98,rcc-guest,86,41.63,19,2.8605,1.1279,41.1494,2014
99,astr33000,66,32.52,13,1.0,1.0,32.1664,2014
100,intromri2014,14,20.52,4,1.0,1.0,20.4425,2014
101,pi-mhale,3,19.9,1,6.0,1.0,19.875,2014
102,pi-pchintag,10,17.1,1,4.0,1.0,17.0344,2014
103,pi-lafferty,35,12.98,2,1.4286,1.0,12.8633,2014
104,pi-jaeger,9,10.89,1,2.6667,1.0,10.8492,2014
105,pi-glk,680,10.64,2,1.0265,1.0265,6.5228,2014
106,pi-qitiguo,8,7.43,1,8.5,1.0,7.39,2014
107,pi-emunro,5,6.12,1,1.0,1.0,6.0914,2014
108,pi-jlist,5,5.53,1,1.0,1.0,5.5019,2014
109,pi-sliman,1,4.61,1,4.0,1.0,4.6033,2014
110,pi-drm7,5,4.05,3,7.0,1.0,4.0431,2014
111,pi-dis,4,3.69,1,1.0,1.0,3.67,2014
112,pi-ebchang,59,3.61,1,0.9661,1.0339,3.2197,2014
113,pi-mpho1,6,2.67,1,1.0,1.0,2.6408,2014
114,pi-lamadon,3,2.25,1,1.0,1.0,2.2264,2014
115,cmsc34900,2,1.92,1,1.0,1.0,1.9042,2014
116,pi-sgsg,1,0.59,1,1.0,1.0,0.5803,2014
117,pi-wkang,1,0.33,1,1.0,1.0,0.3258,2014
118,pi-mglotzer,1,0.21,1,1.0,1.0,0.2014,2014
119,pi-rayid,5,0.08,1,1.0,1.0,0.0611,2014
120,nvidia,3,0.05,1,1.0,1.0,0.0289,2014
121,pi-jhr,5,0.05,1,16.0,1.0,0.0267,2014
122,pi-jecarlst,4,0.04,1,1.0,1.0,0.0036,2014
123,pi-kettimut,2,0.02,1,1.0,1.0,0.0025,2014
124,pi-ckao95,1,0.01,1,1.0,1.0,0.0003,2014
125,rcc-temp1,1,0.01,1,1.0,1.0,0.0044,2014
126,pi-rljacob,1,0.0,1,0.0,2.0,0.0,2014
127,pi-cchen3,1,0.0,1,0.0,2.0,0.0,2014
0,pi-depablo,9039,4275831.58,30,32.2257,2.6343,4275798.1858,2015
1,pi-roux,28510,3498957.65,14,21.0941,1.6391,3498851.6953,2015
2,pi-gavoth,29587,3170670.67,31,18.0258,1.6496,3170563.6411,2015
3,pi-freed,27978,1151672.56,12,4.867,1.2749,1151551.5025,2015
4,pi-dbiron,3691,1096832.49,7,39.0921,2.5454,1096816.0233,2015
5,pi-gagalli,16141,999156.9,11,21.3284,2.1509,999091.9561,2015
6,pi-mfj,1635,979188.5,2,47.3064,3.0905,979181.6908,2015
7,pi-joshuaelliott,209460,871492.28,6,8.7891,1.4709999999999999,871019.5347,2015
8,pi-svaikunt,24428,830639.77,8,5.2178,1.2621,830521.2133,2015
9,pi-taddy,1414,787032.65,8,130.4208,8.5375,787027.1911,2015
10,pi-hortacsu,1032,725888.99,5,46.7306,5.8469,725884.9978,2015
11,pi-akonigl,274,609496.31,3,161.2847,10.1533,609495.1422,2015
12,pi-whu5,586,504004.6,3,74.5273,4.9454,504002.4086,2015
13,pi-tintelnot,11519,465335.68,4,6.143,1.1076,465285.8508,2015
14,pi-dinner,83742,462544.77,16,1.9355,1.0711,462096.3008,2015
15,pi-kravtsov,2755,462027.69,9,19.2283,1.8588,462015.3519,2015
16,pi-fabrycky,4579,323287.0,3,4.5075,1.4252,323265.3164,2015
17,pi-abbot,45543,314488.24,3,15.7094,15.3145,314256.6836,2015
18,pi-collar,401737,271393.42,2,0.9872,1.0133,269107.4661,2015
19,pi-vzhorin,2315,265463.97,1,13.1343,1.0523,265453.8847,2015
20,pi-kite,11605,255707.78,3,2.9773,1.071,255663.9097,2015
21,pi-drowley,36,250150.84,1,274.4444,17.6667,250150.6811,2015
22,pi-aachien,643,224009.44,4,72.4541,14.3297,224007.0994,2015
23,pi-sibener,2451,203853.19,1,7.8548,1.1954,203843.3408,2015
24,pi-ishanu,26243,200762.34,1,15.0318,1.0615,200653.8622,2015
25,pi-jaredlewis,201,187093.71,4,85.204,5.9403,187092.9147,2015
26,pi-ehurst,223978,169307.27,2,1.0239,1.0104,168231.4086,2015
27,pi-foster,834,168489.06,4,62.1882,4.2026,168485.4114,2015
28,pi-tas1,2854,160052.88,2,33.9149,2.6282,160039.4553,2015
29,pi-mstephens,6418,138613.82,7,1.9637,1.0768,138582.2925,2015
30,pi-jinbo,62589,101943.18,3,0.9390000000000001,1.0993,101649.83,2015
31,pi-wtang,63,99005.33,2,136.6984,8.6984,99005.0844,2015
32,pi-rjlalond,1528,96526.24,1,11.2219,1.2029,96519.3675,2015
33,pi-neiman,787,92970.41,3,10.5146,1.0368,92966.8425,2015
34,pi-jozik,27155,89163.18,5,16.9313,1.0808,89028.3864,2015
35,rcc-staff,6712,72260.9,19,13.9382,1.8461,72228.3003,2015
36,pi-sdodelso,541,70514.5,3,11.1885,1.4344,70512.1667,2015
37,pi-pascualmm,334019,70055.31,6,1.0025,1.0049,68713.3992,2015
38,pi-cobey,336613,69494.96,10,1.35,1.0517,67674.6158,2015
39,pi-dvtalapin,109,65780.91,2,35.7156,3.3761,65780.5717,2015
40,pi-wenbinlin,609,64985.89,8,12.5402,1.0854,64983.3089,2015
41,pi-rkessler,125051,59181.74,7,1.0444,1.0352,58477.6172,2015
42,pi-rwg,6550,55511.59,5,2.0186,1.0379,55476.6736,2015
43,pi-aaz,92,55282.86,6,83.6522,5.4783,55282.5342,2015
44,msca,1148,55009.63,30,18.5976,1.4495,55004.9436,2015
45,pi-levin,784,53201.74,4,12.0128,1.4707,53198.9542,2015
46,pi-jfrieman,508,51226.42,1,8.9961,1.0335,51224.3383,2015
47,pi-gdwyer,22183,48295.7,5,1.6640000000000001,1.087,48186.2464,2015
48,pi-nicho,7674,41934.92,6,1.7177,1.0838,41898.6458,2015
49,pi-dholz,1157,40370.43,2,11.7684,1.0285,40365.3644,2015
50,pi-rbgramacy,222,34809.45,1,53.8108,3.4234,34808.4639,2015
51,pi-burhan,629,34251.92,3,56.5167,5.3927,34248.3222,2015
52,pi-rtp1,733,33361.44,2,18.0491,1.1814,33358.2417,2015
53,pi-liantaow,710015,33072.3,2,0.9962,1.0039,29444.7619,2015
54,pi-bkelly0,8680,31783.6,2,15.8781,1.0032,31744.895,2015
55,pi-jschnei1,640,30687.1,2,12.4,2.3031,30684.0336,2015
56,pi-mkolar,13330,28424.95,3,1.3853,1.0967,28364.3347,2015
57,pi-sepalmer,14753,28421.63,2,3.0012,1.025,28338.3936,2015
58,pi-gilbertjack,39784,28198.74,13,15.31,1.0178,28006.7628,2015
59,pi-tokmakoff,6872,27901.11,5,2.4269,1.0716,27868.5908,2015
60,pi-moyer,3145,23794.52,9,3.9002,1.1424,23779.1019,2015
61,pi-rrock,608,22890.98,2,16.5033,8.9178,22887.5369,2015
62,pi-cosar,414,22786.21,1,8.4928,1.128,22784.6164,2015
63,pi-dhooper,5500,22522.7,2,2.6213,1.0947,22498.9461,2015
64,pi-dachxiu,233,22451.74,3,15.6223,1.0258,22450.6356,2015
65,pi-wilde,4539,21139.71,8,15.8467,1.4349,21123.2161,2015
66,pi-yaliamit,8845,20817.61,4,0.9815,1.0276,20769.6275,2015
67,astr33000,1777,20474.54,14,3.1216,1.2217,20465.6244,2015
68,pi-trsosnic,12151,17314.11,5,1.1648,1.0541,17255.6086,2015
69,pi-lgrandi,1041,14545.32,5,53.684,4.3141,14541.84,2015
70,pi-bkeenan,273,14433.55,2,19.0952,2.2051,14432.3289,2015
71,pi-aclyu,385,14164.33,5,13.5377,2.1558,14162.6486,2015
72,pi-khanna7,18,12907.99,2,86.1667,6.1667,12907.9236,2015
73,pi-weyl,2801,12888.55,2,0.9807,1.0196,12873.9714,2015
74,pi-drm7,918,12243.33,2,7.7364,1.2092,12239.2575,2015
75,pi-arzhetsky,444,10651.51,2,8.6216,1.0518,10649.3097,2015
76,cmsc26800,1772,10414.53,16,2.3284,1.0847,10405.4844,2015
77,pi-skeedy,461,8253.48,4,4.4837,1.0564,8251.2397,2015
78,pi-rossc,351,8062.73,5,1.8034,1.0969,8060.9894,2015
79,pi-asufi,109,6714.54,1,12.0,1.0,6714.13,2015
80,pi-fciesla,32,6585.2,1,18.125,18.3125,6585.0722,2015
81,pi-kazutaka,232,5880.06,6,5.75,1.1034,5879.0406,2015
82,pi-nbrunel,3380,5738.18,2,0.9772,1.0272,5719.1642,2015
83,pi-evtimov,3471,5355.22,2,1.1063,1.1855,5337.9567,2015
84,pi-stin,13879,5070.78,2,1.1351,1.0009,5003.6089,2015
85,mpcs51087,673,4929.55,13,34.2051,4.0431,4927.0136,2015
86,pi-wilsonp,491,4846.02,2,14.5051,1.1629,4843.9783,2015
87,bios26120,243,4314.25,11,19.037,1.465,4313.1367,2015
88,pi-sarice,1200,3967.66,3,7.2483,1.7075,3961.7742,2015
89,pi-jaeger,174,3792.13,4,16.2989,1.4598,3791.4706,2015
90,pi-weare,577,3744.24,1,15.2426,1.0035,3741.8872,2015
91,pi-avieregg,13453,3496.27,4,0.8508,1.1502,3434.0036,2015
92,pi-wtmirvine,160,3111.71,3,250.4188,15.6875,3111.0919,2015
93,pi-gmatvos,37,2948.03,1,12.0,1.0,2947.9233,2015
94,pi-nfschere,139,2538.41,1,1.1583,1.0,2537.765,2015
95,pi-vmbertho,12,2235.52,1,384.0,24.0,2235.4844,2015
96,pi-btian,99,1540.27,4,9.9697,1.3030000000000002,1539.9447,2015
97,pi-dskinner,19,1515.56,1,54.4211,7.3684,1515.4881,2015
98,pi-jagoldsm,47,1370.1,4,6.0426,1.1915,1369.9075,2015
99,pi-jevans,180,1309.45,3,7.3,1.7,1308.6967,2015
100,pi-archer,67,1199.17,1,4.0,1.0,1198.8067,2015
101,pi-risi,466,1066.5,2,6.3326,1.0579,1064.4514,2015
102,pi-jand312,29,1061.12,1,4.7931,1.1034,1060.9867,2015
103,pi-lamadon,69,980.53,1,12.8406,12.8696,980.2239,2015
104,pi-amurugan,156,948.68,1,1.0962,1.0,947.8203,2015
105,pi-vavra,24,682.81,1,16.0417,1.0417,682.7031,2015
106,pi-mlcoleman,199,574.93,5,1.9849,1.0251,573.865,2015
107,pi-anc,67,494.78,3,12.5075,1.1343,494.4669,2015
108,pi-littlewood,525,403.09,1,1.6571,1.0286,400.2606,2015
109,pi-dis,953,375.04,3,1.0147,1.001,370.3083,2015
110,pi-ghitsch,97,369.65,1,32.0928,2.1753,369.2878,2015
111,pi-ejadams,12,326.39,1,14.5,2.1667,326.3364,2015
112,astr31600,7271,289.36,4,0.9791,1.0224,249.105,2015
113,pi-pchintag,129,225.63,2,3.3256,1.0,224.8961,2015
114,pi-kkawaji,6,210.21,1,5.6667,1.3333,210.1931,2015
115,pi-qitiguo,57,178.41,1,10.9474,1.0702,178.1808,2015
116,pi-kettimut,31,162.96,1,2.9032,1.0323,162.8122,2015
117,pi-mhale,20,150.86,1,3.25,1.0,150.7756,2015
118,pi-glk,7280,125.23,3,1.0027,1.0011,69.1461,2015
119,pi-anants,94,114.17,1,1.0,1.0,113.6556,2015
120,pi-dpope,6,91.95,1,3.5,1.0,91.9214,2015
121,pi-jdube,102,87.62,2,0.9412,1.0588,87.0989,2015
122,cmsc33520,52,83.48,1,23.9615,7.3077,83.2697,2015
123,pi-berry,51,63.1,2,1.6078,1.0196,62.8078,2015
124,pi-hdew,13,39.02,1,1.0,1.0,38.9556,2015
125,pi-tanhuan,26,36.29,2,0.9231,1.0769,36.1575,2015
126,pi-london,26,30.97,1,1.0769,1.0769,30.8306,2015
127,pi-awsch,13,25.92,2,7.6923,1.1538,25.8597,2015
128,rcc-guest,23,23.34,8,2.4348,1.0435,23.2228,2015
129,pi-siegela,19,19.96,1,1.5789,1.1579,19.8581,2015
130,pi-sokolov,3,16.94,1,6.0,1.0,16.9189,2015
131,pi-gan1,83,16.11,1,3.241,1.0,15.7294,2015
132,pi-kalindsey,11,15.26,1,1.0,1.0,15.2042,2015
133,pi-cpel,17,12.19,1,2.7647,1.0,12.0894,2015
134,pi-sraudenb,13,11.8,1,1.0,1.0,11.7306,2015
135,meng33000,8,10.46,4,1.0,1.0,10.4194,2015
136,pi-rwiersma,5,10.15,1,1.0,1.0,10.1133,2015
137,pi-shakhnarovich,22,8.8,3,0.5455,1.4545,8.7311,2015
138,pi-weberm,6,8.24,1,1.0,1.0,8.2122,2015
139,pi-mhereld,49,7.88,1,13.5306,1.1429,7.6717,2015
140,pi-wgreen,11,7.56,2,1.0,1.0,7.5089,2015
141,pi-prhahn,10,6.15,1,1.0,1.0,6.1033,2015
142,pi-rina,12,5.94,1,1.0,1.0,5.8981,2015
143,pi-johntmurphy,45,5.36,2,81.2444,5.6,5.1831,2015
144,pi-jacobbean,3,3.28,1,21.3333,2.0,3.2711,2015
145,pi-richardjeanso,1,3.25,1,1.0,1.0,3.2489,2015
146,pi-sshahul,5,2.24,1,1.0,1.0,2.2136,2015
147,pi-pjlarivi,1,1.72,1,1.0,1.0,1.7133,2015
148,mgcb32000,4,0.74,2,8.75,1.25,0.7269,2015
149,pi-l332,5,0.26,1,1.0,1.0,0.2367,2015
150,pi-mlong,2,0.21,1,1.0,1.0,0.195,2015
151,pi-iawad,2,0.12,1,1.0,1.0,0.1111,2015
152,pi-skron,2,0.07,1,1.0,1.0,0.0625,2015
153,pi-ozidar,3,0.03,1,1.0,1.0,0.0014,2015
154,rcc-instructor,2,0.03,2,1.0,1.0,0.0222,2015
155,pi-vishwanath,1,0.03,1,1.0,1.0,0.0222,2015
156,geos33300,1,0.01,1,1.0,1.0,0.0003,2015
157,pi-lorettaau,1,0.01,1,1.0,1.0,0.0083,2015
158,pi-oto,1,0.0,1,0.0,2.0,0.0,2015
159,pi-gnedin,1,0.0,1,0.0,2.0,0.0,2015
0,pi-aaz,2343,2021907.81,7,69.1481,4.4767,2021898.8683,2016
1,pi-depablo,39312,1955673.05,30,6.997999999999999,1.1845,1955507.7431,2016
2,pi-gavoth,7644,1604232.84,35,24.1692,1.6515,1604210.4692,2016
3,pi-freed,137047,1455467.23,12,2.7527,0.9565,1454908.2756,2016
4,pi-taddy,5395,1292407.3,11,78.7809,4.9783,1292390.0911,2016
5,pi-wtang,375,1128546.03,5,176.488,11.088,1128544.7022,2016
6,pi-roux,13040,978921.27,17,18.7965,1.3178,978864.3533,2016
7,pi-rkessler,240667,748121.82,18,1.9588,0.9971,746889.8844,2016
8,pi-abbot,5193,745118.86,5,28.4059,4.435,745098.6789,2016
9,pi-gagalli,2038,724575.28,17,40.998000000000005,3.0147,724567.6819,2016
10,rcc-temp2,15979,718835.33,7,106.3753,6.4671,718767.6728,2016
11,pi-mfj,2217,692734.0,3,31.1425,1.9612,692724.7414,2016
12,pi-whu5,13132,679044.5,4,13.7106,2.7229,678986.0736,2016
13,pi-rbgramacy,238,651643.33,1,256.5588,16.0714,651642.3694,2016
14,pi-joshuaelliott,114703,627198.79,7,10.432,0.7101,626870.1783,2016
15,pi-trsosnic,11346,577001.45,6,7.6444,1.0428,576953.8617,2016
16,pi-dinner,39309,493390.74,13,2.1863,1.0159,493194.0778,2016
17,pi-svaikunt,7455,486798.61,6,16.320999999999998,1.1171,486772.0233,2016
18,pi-kravtsov,2382,484556.24,10,19.0508,1.7414,484546.2208,2016
19,pi-vmbertho,79,472381.07,1,419.2658,26.2025,472380.8822,2016
20,pi-mstephens,13902,425912.72,13,3.7627,0.9855,425848.3142,2016
21,pi-burhan,2482,420571.97,2,55.0786,5.0077,420559.9775,2016
22,pi-pascualmm,545996,379641.83,8,0.9968,0.995,377163.7692,2016
23,pi-tintelnot,9486,378264.55,6,5.8795,1.0696,378223.97,2016
24,pi-gdwyer,89019,330872.77,7,1.2536,1.0107,330437.5167,2016
25,pi-arzhetsky,6244,330626.61,5,2.6302,0.9848,330596.4786,2016
26,pi-bkeenan,412,286069.57,2,83.73299999999999,5.8204,286067.8586,2016
27,pi-jaredlewis,1520,259254.8,5,16.4895,1.4934,259248.2044,2016
28,pi-lgrandi,70218,249388.66,15,45.8851,3.8604,249094.4414,2016
29,pi-kite,390,231640.71,5,78.0359,8.3359,231639.2539,2016
30,pi-drowley,70,215446.28,1,133.4857,9.8857,215445.9733,2016
31,pi-nfschere,803,193522.44,3,49.6812,3.1831,193518.8792,2016
32,pi-scrosson,660,179328.05,2,60.347,3.5848,179325.8522,2016
33,pi-cobey,47657,172175.78,8,4.9697,0.9978,171961.5589,2016
34,pi-vzhorin,752,170624.78,1,14.137,0.9468,170621.7389,2016
35,pi-dbiron,4705,163929.16,3,37.1245,2.3881,163908.1161,2016
36,rcc-staff,4651,161067.48,34,109.1183,5.8723,454478.1786,2016
37,pi-jnovembre,10698,149476.4,4,4.0032,0.9817,149422.0778,2016
38,pi-ehurst,16212,147304.94,5,1.7803,0.9895,147227.5283,2016
39,pi-sibener,961,138167.64,1,14.8522,1.8252,138163.1806,2016
40,pi-rwg,1854,138029.68,3,14.3193,0.8948,138022.4261,2016
41,pi-dholz,1523,126231.33,3,16.7249,1.8234,126224.8381,2016
42,pi-akonigl,47,125558.96,2,155.234,9.7021,125558.7556,2016
43,pi-hortacsu,16088,106893.67,8,1.4839,1.1066,106814.0769,2016
44,pi-eperozo,38,106746.22,2,233.8421,14.5,106746.0844,2016
45,pi-mkre,2125,101669.54,2,25.6607,2.5176,101659.4464,2016
46,pi-skeedy,860,97305.76,4,18.9058,3.8360000000000003,97300.8267,2016
47,bios10603,570,92121.76,29,34.1228,11.1491,92119.2264,2016
48,pi-drm7,1016,89426.21,2,14.2461,1.2096,89421.8275,2016
49,pi-jecarlst,1318,86563.12,4,16.3695,1.0281,86559.2186,2016
50,pi-jozik,327,64955.92,4,118.4067,7.9664,64954.5381,2016
51,pi-sepalmer,31319,58982.77,7,1.5407,1.0314,58825.6114,2016
52,pi-salesina,278,57287.88,1,5.8705,0.9856,57286.5822,2016
53,pi-sdodelso,3706,57126.64,7,5.9808,1.2234,57108.6644,2016
54,pi-ftchong,4968,52248.03,2,6.6906,1.3575,52224.5517,2016
55,chem26800,2436,50678.22,21,3.9183,1.0443,50663.4025,2016
56,bios11102,381,49093.94,4,68.0472,4.252,49092.5422,2016
57,msca,1958,48935.65,26,8.2978,0.7615,48930.2089,2016
58,pi-rjlalond,870,45250.12,2,13.0644,1.2161,45246.4814,2016
59,pi-tokmakoff,5669,33928.78,6,4.8245,1.1409,33904.7269,2016
60,pi-levin,859,32783.54,4,15.0012,1.8091,32780.0875,2016
61,pi-jdingel,27386,30637.62,4,0.3753,0.2589,30605.2825,2016
62,pi-neiman,3145,29330.14,5,8.2496,0.9746,29315.2525,2016
63,pi-jfrieman,189,28866.46,1,8.0,1.0053,28865.5789,2016
64,pi-dachxiu,8888,27329.76,5,2.5882,1.0015,27285.7022,2016
65,pi-risi,3160,25736.16,4,9.3835,0.8671,25724.4419,2016
66,pi-mkolar,1117,25400.99,3,10.7404,1.6840000000000002,25396.3772,2016
67,pi-wenbinlin,301,23820.08,5,9.7508,1.0033,23818.5978,2016
68,pi-stin,1227,23393.46,2,3.3488,1.1108,23386.8997,2016
69,pi-jschnei1,1008,22368.3,1,15.3849,2.3522,22363.4622,2016
70,geos33300,178,20307.55,4,34.7135,2.2865,20306.7892,2016
71,pi-moyer,1722,20234.44,10,8.0337,1.2427,20225.8003,2016
72,pi-nicho,7586,20045.75,7,1.0865,0.9988,20009.2575,2016
73,pi-ishanu,3764,19640.76,2,14.2829,0.9219,19625.3642,2016
74,pi-wilsonp,1781,16762.22,2,14.8265,0.9972,16754.1628,2016
75,pi-richardjeanso,405,16631.77,1,12.8148,1.5136,16629.9819,2016
76,pi-aachien,1872,16405.69,4,123.1971,7.952999999999999,16397.1644,2016
77,pi-tas1,599,14108.75,6,16.6043,1.7245,14105.7133,2016
78,pi-gilbertjack,1068,13413.17,10,3.4644,0.9345,13408.4628,2016
79,pi-mlcoleman,1129,13177.66,6,5.9238,0.9486,13172.4475,2016
80,pi-rossc,272,12747.35,3,3.0257,0.9853,12746.0983,2016
81,pi-wtmirvine,623,11545.84,3,2.6083,0.9936,11542.6364,2016
82,pi-amurugan,2150,11327.14,4,51.7377,5.5335,11318.6578,2016
83,pi-rtp1,405,11233.01,2,16.4,1.1086,11231.1922,2016
84,pi-nnn,92,10516.29,1,10.0652,0.9239,10515.9022,2016
85,pi-avieregg,2159,10260.28,4,2.8337,1.0866,10247.9792,2016
86,pi-dhooper,539,10128.62,1,14.9573,0.9981,10126.1578,2016
87,pi-ljb4,169,10045.74,2,12.9822,1.1538,10044.925,2016
88,bios26120,939,9193.82,27,8.8818,1.0224,9189.1378,2016
89,pi-nbrunel,451,8826.56,4,8.693999999999999,2.4701,8824.4725,2016
90,pi-haky,1958,8159.47,3,0.9249,0.8468,8151.0406,2016
91,pi-fciesla,125,8049.45,2,14.064,13.655999999999999,8048.8067,2016
92,pi-rstevens,248,7970.02,1,52.6452,3.2903,7969.4578,2016
93,pi-belavina,36,7093.09,1,26.0556,2.0556,7092.9253,2016
94,mpcs51087,2217,6943.3,16,11.8552,3.5945,6932.7619,2016
95,pi-sokolov,220,5890.57,1,15.5409,1.0091,5889.6969,2016
96,pi-lamadon,98,5225.94,1,22.3469,2.3367,5225.5717,2016
97,pi-rayid,47,5085.1,1,40.6596,3.3404,5084.8819,2016
98,pi-tten,469,4842.24,1,12.919,0.8827,4840.3044,2016
99,pi-l332,244,4795.58,1,14.1066,0.9508,4794.5328,2016
100,pi-wbwu,97,4722.53,2,16.732,1.1134,4722.1214,2016
101,pi-fabrycky,113,4537.87,2,3.823,1.8584,4537.3486,2016
102,pi-littlewood,1395,4453.88,1,7.0523,5.1806,4445.7403,2016
103,pi-collar,1082,4114.44,1,1.0,1.0,4108.2794,2016
104,pi-aclyu,76,3911.42,5,12.8421,1.1974,3911.1019,2016
105,pi-jdube,1286,3810.74,2,0.9261,0.9386,3804.9111,2016
106,meng34200,284,3582.2,9,31.9683,1.9965,3580.9178,2016
107,pi-jacobbean,14,3528.19,1,41.7143,2.7143,3528.1511,2016
108,pi-jaeger,223,3365.47,5,10.7623,0.9462,3364.5803,2016
109,pi-prhahn,386,3189.28,2,0.9715,0.9715,3187.3975,2016
110,pi-kcharles,3784,3132.03,1,3.6036,0.9458,3115.6767,2016
111,pi-adirienz,1432,3043.45,1,15.7088,1.0133,3037.1769,2016
112,pi-berkelbach,3728,2820.55,3,1.2454,1.0024,2800.1172,2016
113,pi-gilad,3014,2555.79,3,1.8328,0.9038,2540.4614,2016
114,pi-scicala,58,2259.24,1,58.7759,3.7069,2259.0311,2016
115,pi-rrock,181,2115.2,2,3.6961,3.6133,2114.1781,2016
116,pi-jinbo,419,1690.9,2,4.9308,1.3055,1688.5053,2016
117,pi-kazutaka,45,1602.67,5,10.5111,0.9778,1602.5233,2016
118,pi-jevans,88,1587.56,8,20.8864,1.7955,1587.1783,2016
119,pi-dfreedman,133,1497.2,1,0.9925,0.9774,1496.4633,2016
120,pi-sliman,9,1459.84,1,28.8889,2.6667,1459.7919,2016
121,pi-ckao95,430,1398.64,3,0.9977,0.9977,1396.2761,2016
122,pi-glk,41123,1358.0,2,1.0002,0.9988,1122.8506,2016
123,pi-awsch,214,1306.02,1,6.3458,4.5841,1305.0231,2016
124,mpcs56420,1444,1157.08,6,9.2168,1.2341,1150.0011,2016
125,pi-bkelly0,46,992.82,3,5.2391,1.0,992.5578,2016
126,soci40133,125,950.81,9,2.6639999999999997,1.032,950.2372,2016
127,pi-foster,224,720.27,2,6.4777,1.2545,719.2142,2016
128,pi-dis,91,640.68,6,5.1978,1.0769,640.2267,2016
129,pi-vavra,101,608.16,1,6.3366,0.9505,607.6569,2016
130,pi-larogers,536,488.9,1,1.0,1.0,486.2603,2016
131,pi-abney,87,429.9,1,16.0,1.0,429.5378,2016
132,pi-wilde,1073,412.71,4,15.8472,1.0522,407.8722,2016
133,pi-mhale,1,384.04,1,32.0,2.0,384.0356,2016
134,pi-gan1,116,319.47,1,8.931000000000001,1.3534,318.8314,2016
135,pi-iawad,23,281.27,2,2.3043,1.0,281.1456,2016
136,pi-johntmurphy,9,257.65,1,50.2222,11.2222,257.6156,2016
137,pi-aolinto,7434,215.3,1,1.3697,0.9985,172.045,2016
138,pi-gskarczm,862,189.77,1,1.0070000000000001,0.9988,184.9214,2016
139,pi-hfrisch,16,162.35,2,14.0625,0.875,162.2844,2016
140,pi-tanhuan,27,159.33,1,1.1111,1.1111,159.1861,2016
141,rcc-instructor,48,108.38,3,54.9583,3.9792,108.1739,2016
142,pi-abinkowski,409,101.59,1,5.2054,1.1467,99.1981,2016
143,mgcb32000,78,99.57,8,1.0,1.0,99.2064,2016
144,pi-ghitsch,49,89.47,2,7.6735,0.8571,89.2769,2016
145,pi-gulotty,8,79.59,1,64.0,4.0,79.5556,2016
146,pi-jhubbell,234,75.44,1,1.0,1.0,74.3119,2016
147,pi-hdew,66,59.68,2,1.0,1.0,59.3567,2016
148,pi-drubin8,65,58.01,4,0.9846,0.9846,57.6469,2016
149,pi-liantaow,5383,55.55,2,1.0286,1.0007,10.8356,2016
150,pi-siegela,34,48.87,1,11.4118,2.1471,48.7211,2016
151,pi-ajaved,10,46.27,1,1.0,1.0,46.1978,2016
152,meng23000,271,45.38,4,15.6458,0.9779,44.1689,2016
153,pi-jponticelli,16,45.36,1,3.8125,1.375,45.27,2016
154,pi-btian,22,44.82,2,2.3636,1.0,44.6978,2016
155,pi-tcovert,94,44.74,1,3.2979,0.9894,44.2886,2016
156,stat37820,79,39.16,1,6.6329,1.1266,38.685,2016
157,rossby,17,36.09,4,2.0588,0.7059,36.0189,2016
158,pi-tuecke,24,36.08,1,2.9583,1.125,35.9753,2016
159,pi-egrove,37,32.47,1,1.0,1.0,32.2322,2016
160,pi-sethi,2,29.02,1,1.0,1.0,29.0033,2016
161,rcc-guest,14,20.55,7,2.0714,1.0,20.4853,2016
162,pi-qitiguo,16,17.78,1,5.625,0.9375,17.7017,2016
163,pi-dbrentari,14,14.56,1,1.2143,1.2143,14.4903,2016
164,pi-jongrant,20,13.45,1,0.95,0.95,13.3519,2016
165,pi-emunro,26,13.21,2,1.0,1.0,13.1033,2016
166,pi-xinhe,28,12.18,1,0.4286,0.8929,12.1414,2016
167,pi-pricet,16,10.78,2,1.4375,1.0,10.7072,2016
168,pi-vbindoka,19,9.79,2,1.0,1.0,9.7169,2016
169,pi-pchintag,11,9.17,1,1.0,1.0,9.1286,2016
170,pi-arac,6,6.57,1,45.8333,5.8333,6.5447,2016
171,pi-yaliamit,16,5.67,1,1.0,1.0,5.5828,2016
172,pi-gkaplan,6,5.12,1,1.0,1.0,5.0817,2016
173,pi-jpadgett,9,4.02,1,0.3333,1.0,4.0092,2016
174,pi-kettimut,3,3.46,1,1.0,1.0,3.4406,2016
175,pi-mhereld,25,3.45,1,11.04,0.84,3.3389,2016
176,pi-sraudenb,2,3.25,1,1.0,1.0,3.2419,2016
177,pi-jstaley,2,3.08,1,1.0,1.0,3.0633,2016
178,pi-nealey,2,2.37,1,1.0,1.0,2.3614,2016
179,pi-oto,1,2.01,1,1.0,1.0,2.0017,2016
180,pi-lekheng,15,1.73,2,13.6,1.4,1.6411,2016
181,pi-pjlarivi,9,1.39,1,2.3333,1.4444,1.3469,2016
182,pi-malegre,1,0.88,1,1.0,1.0,0.8731,2016
183,pi-stuartrowan,4,0.25,1,16.0,1.0,0.2222,2016
184,pi-jgrogger,5,0.12,1,25.6,1.6,0.1067,2016
185,pi-dgallo,1,0.1,1,1.0,1.0,0.0939,2016
186,pi-anitescu,6,0.07,1,1.0,1.0,0.0456,2016
187,pi-wulongtao,2,0.06,1,1.0,1.0,0.0442,2016
188,pi-asufi,2,0.01,1,3.0,0.5,0.0067,2016
189,pi-jagoldsm,1,0.01,1,1.0,1.0,0.0075,2016
190,lenovo,109,0.0,1,35.4587,1.5688,603.6647,2016
191,pi-mets,1,0.0,1,8.0,1.0,0.0,2016
0,pi-gavoth,44901,7872575.05,32,31.4945,1.8467,7914274.1597,2017
1,pi-depablo,23678,7105927.55,36,42.7154,2.0379,8785714.8814,2017
2,pi-gagalli,8041,6023573.5,24,164.6784,6.7626,6022206.055,2017
3,pi-hortacsu,29511,2798460.01,9,20.7346,1.9668,2568634.1103,2017
4,pi-freed,25403,2140333.89,10,11.4941,1.3809,2103772.5714,2017
5,pi-roux,11055,2081989.97,17,42.4285,1.97,2810231.3544,2017
6,pi-whu5,72801,2039289.46,6,16.6699,1.1106,2039636.5042,2017
7,pi-dinner,101190,1976444.54,19,5.6343,1.0427,1843194.4689,2017
8,pi-arzhetsky,35908,1950880.04,7,24.076999999999998,3.5686,1458694.5628,2017
9,pi-mstephens,159337,1714971.9,15,2.9859,0.9826,1443242.1461,2017
10,pi-yanjingl,29646,1390104.82,2,29.8112,2.0315,1132473.6006,2017
11,pi-abbot,23858,1369000.53,5,90.3295,5.1573,1340790.4872,2017
12,pi-ghitsch,129155,1349321.64,2,14.3135,1.0001,1347614.3803,2017
13,pi-kravtsov,3708,1161685.34,9,120.8652,5.5076,1669409.1781,2017
14,pi-trsosnic,30004,1139957.63,9,6.2833,1.1403,1138701.9667,2017
15,pi-bkeenan,285,1002355.2,2,296.8772,12.9544,1002354.4347,2017
16,pi-mfj,281,959845.48,4,367.6512,13.6299,1334168.8481,2017
17,pi-ishanu,17065,956059.85,7,16.0418,1.1421,819428.6975,2017
18,pi-nfschere,1604,931889.36,5,63.7226,3.5399,932305.5064,2017
19,pi-vmbertho,161,895710.82,1,463.0062,28.9379,895710.2489,2017
20,pi-rkessler,336200,878264.85,21,1.5678,1.0175,874281.3025,2017
21,pi-joshuaelliott,127833,850199.16,5,12.7873,1.0,849779.9625,2017
22,pi-pascualmm,181841,786126.88,8,7.702999999999999,0.9383,696803.8142,2017
23,pi-kite,2610,738793.04,8,33.2031,6.4559,738781.6325,2017
24,rcc-staff,659440,716843.65,25,2.1019,1.0395,1702182.2569,2017
25,pi-sdodelso,14844,682013.41,9,22.7174,1.4548,675070.3231,2017
26,pi-nicho,2655,571582.95,6,19.42,1.125,516934.5553,2017
27,pi-cobey,33042,507089.84,9,2.1738,0.953,320574.5306,2017
28,pi-taddy,16597,506504.08,6,15.8582,1.4131,304900.9497,2017
29,pi-gdwyer,63529,500861.54,8,1.2639,0.9159,409178.0569,2017
30,pi-ejadams,1464,500358.47,1,79.9337,3.6585,456598.1081,2017
31,pi-tintelnot,10097,418322.44,8,10.7241,1.0905,376877.0142,2017
32,pi-dholz,1214,388658.97,4,24.1969,1.0124,388552.615,2017
33,pi-avieregg,39110,363549.63,6,3.1455,0.9016,349989.7611,2017
34,pi-amurugan,7401,355738.23,6,45.6675,8.2451,337737.5042,2017
35,pi-wenbinlin,23785,321839.66,2,1.2498,0.07400000000000001,326662.7814,2017
36,cmsc25025,6394,227681.38,77,22.0763,1.3785,191396.6872,2017
37,pi-jaeger,128,227204.92,5,89.5547,6.25,227204.5303,2017
38,pi-mkre,1028,220603.95,2,17.9621,2.2383,220599.7656,2017
39,pi-jozik,458,219366.79,3,80.3996,7.3777,194541.2072,2017
40,pi-rossc,388,212998.48,4,19.3402,1.0258,212960.7228,2017
41,pi-scrosson,455,211010.43,2,79.7956,4.9846,208564.0286,2017
42,pi-svaikunt,46005,203485.03,5,1.2624,0.9798,200329.8531,2017
43,pi-drowley,144,203116.07,1,53.5556,6.9167,202849.8356,2017
44,bios10603,1243,201586.8,43,92.6959,6.1899,201581.88,2017
45,pi-nbrunel,11136,190101.62,3,6.8711,1.2894,174149.1506,2017
46,pi-wtmirvine,1096,177932.95,3,23.9763,2.0584,148475.4867,2017
47,pi-nnn,715,176076.87,3,40.6112,8.0839,153259.6953,2017
48,pi-khanna7,305,169680.22,2,108.9443,6.2361,176683.2544,2017
49,pi-haky,30669,165716.54,7,1.4187,1.1899,86482.3164,2017
50,pi-gilad,183142,160260.27,12,2.0616,0.9557,75759.0428,2017
51,pi-kazutaka,1197,139386.63,4,11.9574,0.9749,77981.3589,2017
52,pi-dachxiu,94158,122045.84,6,1.3154,0.9832,45926.0717,2017
53,pi-ftchong,2914,119045.92,5,24.7718,2.6846,119034.2089,2017
54,pi-vavra,20069,108656.56,1,13.2097,0.9967,92198.6722,2017
55,bios10007,295,103733.69,19,46.5729,2.9424,103732.4472,2017
56,pi-lgrandi,338065,102750.52,32,1.7618,0.9762,101720.4239,2017
57,pi-neiman,26978,94723.19,3,8.4808,0.9541,61225.0825,2017
58,pi-gan1,175,89581.75,1,62.7029,3.1943,76110.4369,2017
59,pi-jlskinner,501,83320.78,2,7.7365,0.9741,83319.4589,2017
60,pi-dfreedman,1949,80610.87,1,0.8492,0.8492,20728.4656,2017
61,pi-stin,588,79756.5,3,38.1854,2.2177,79746.9072,2017
62,bios10602,1231,77154.9,60,61.883,4.3241,76538.3308,2017
63,pi-xinhe,20945,76413.35,10,4.4287,0.9924,27934.0886,2017
64,pi-mkronforst,4410,71057.66,6,4.2354,0.9785,52359.1583,2017
65,pi-jnovembre,27440,70150.97,14,1.3567,1.0026,44053.5792,2017
66,chem26800,11859,63073.32,8,18.2288,0.9687,48778.7839,2017
67,miccom-school,1136,53948.85,69,44.375,2.1778,53943.8436,2017
68,pi-priviter,3573,50029.59,4,15.5136,0.9751,50019.6928,2017
69,pi-berkelbach,26955,49054.74,6,1.26,0.9882,36097.0264,2017
70,pi-bkelly0,2643,44485.66,2,60.7386,5.2187,43246.3478,2017
71,pi-mengjiechen,11182,43291.28,2,0.9873,0.9873,30480.8947,2017
72,pi-levin,765,39772.3,4,26.5098,1.7725,39788.3703,2017
73,pi-jheckman,743,38328.97,1,10.7241,1.0444,37408.0392,2017
74,pi-rtsay,91,37914.83,1,9.7033,0.4396,34821.6353,2017
75,msca,675,36721.33,35,19.0104,2.7052,38620.3303,2017
76,pi-dbiron,645,36137.52,2,35.5907,2.2419,36134.6667,2017
77,pi-lekheng,544,35464.31,3,40.6912,3.2868,35461.6803,2017
78,pi-moyer,840,33636.34,9,19.0321,2.3429,33632.9192,2017
79,pi-sepalmer,8361,30349.13,4,1.3892,0.9974,29897.9769,2017
80,pi-mlcoleman,8940,29391.24,10,3.0936,0.8776,26702.2403,2017
81,pi-risi,487,27221.63,3,17.9014,1.1355,27148.6667,2017
82,pi-jrussell,6760,27022.84,1,1.3645,0.9484,4352.0067,2017
83,pi-blattman,105,23148.1,2,41.0286,2.8857,23143.9358,2017
84,pi-jaredlewis,421,21131.04,4,12.4299,0.9952,20821.1744,2017
85,pi-vzhorin,87,20551.15,1,11.5632,1.0,20550.7917,2017
86,pi-aaz,139,20425.59,6,10.964,1.0576,20425.035,2017
87,pi-fciesla,73,16221.66,1,33.4932,33.4932,16221.2719,2017
88,pi-rwg,24106,15998.94,3,0.95,0.9101,16472.1525,2017
89,pi-jstubbs1,554,15697.15,1,71.8303,5.8466,15695.0925,2017
90,pi-gsengel,187,15355.68,2,22.8128,1.2674,15354.8689,2017
91,pi-aachien,1441,14957.56,1,60.9077,5.4254,14956.2286,2017
92,pi-wtang,29,14693.85,3,410.3448,15.1724,75014.8278,2017
93,pi-lafferty,236,13682.9,3,45.9068,2.4322,13670.6867,2017
94,pi-aclyu,282,12448.5,5,8.2021,0.9894,12447.2589,2017
95,pi-adirienz,1250,12097.27,1,1.048,0.904,2386.5661,2017
96,pi-oto,192,10856.18,5,3.3021,1.0729,10855.2969,2017
97,pi-weberm,3117,10442.75,4,6.1765,0.9878,9948.6294,2017
98,stat37820,284,10187.13,23,4.8451,1.0951,10185.8533,2017
99,pi-jevans,1231,9218.48,4,12.6669,0.9716,9046.4189,2017
100,pi-fritziea,70,9092.31,1,1.1286,0.9857,362.3397,2017
101,pi-wilde,705,8792.93,5,14.956,1.0284,8790.1931,2017
102,pi-tzeferacos,196,8477.26,2,35.7449,3.4286,8480.0761,2017
103,pi-hickmanbr,2092,8157.71,3,7.8867,1.3078,8143.3236,2017
104,pi-jdingel,11077,7749.92,5,1.1806,1.0036,7411.1822,2017
105,pi-price,95,7139.6,2,35.3053,5.4211,7139.2172,2017
106,pi-mhopkins,43,6364.74,1,16.7907,2.186,6364.5417,2017
107,pi-rjlalond,217,6354.22,2,17.3594,1.0415,6353.3853,2017
108,pi-hema,175,6213.41,1,24.9829,1.7543,6080.1211,2017
109,pi-siegela,587,6125.65,11,34.5196,5.5486,6123.04,2017
110,pi-eperozo,3,6110.32,1,320.0,20.0,6110.3111,2017
111,pi-littlewood,1110,6046.24,1,49.7225,5.6477,5945.3392,2017
112,pi-thomaswinberry,222,5931.97,1,9.5225,0.8018,6693.4947,2017
113,pi-rtp1,153,5733.27,3,14.6405,1.0196,5744.9103,2017
114,pi-rina,119,5602.14,1,103.3529,6.2941,5601.6128,2017
115,mpcs51087,507,5401.27,11,43.7416,5.7101,5398.8019,2017
116,pi-stuartrowan,117,5180.32,1,13.5385,0.8462,7104.0667,2017
117,pi-anitescu,129,5008.59,2,19.3643,1.155,4992.7067,2017
118,pi-jingyifei,22,4459.78,1,26.9091,2.3636,4459.6603,2017
119,pi-simonjon,86,4207.52,1,16.0581,2.2907,4207.2767,2017
120,pi-weare,40,3699.86,1,26.175,1.775,3699.6922,2017
121,pi-tcovert,110,3685.74,5,52.1364,3.8364,3681.5619,2017
122,astro33000,523,3576.4,12,8.262,1.4857,3215.0878,2017
123,meng34200,206,3517.3,9,31.5388,2.0825,3516.6794,2017
124,pi-berry,185,3183.29,1,30.3243,1.9459,3182.5211,2017
125,pi-anants,96,3136.1,1,62.5,4.0,3135.68,2017
126,pi-burhan,158,2943.35,3,13.6456,1.0886,2942.53,2017
127,pi-xisong,31,2811.0,3,10.2258,1.129,2810.8525,2017
128,pi-ckao95,853,2797.05,2,1.2825,1.0141,2791.5006,2017
129,pi-skeedy,155,2647.41,5,24.9548,3.2774,2646.625,2017
130,pi-gilbertjack,233,2558.06,9,2.4206,1.0,2556.8475,2017
131,pi-srnagel,506,2428.27,2,3.1344,1.0,2425.5819,2017
132,pi-jgrogger,43,2399.21,1,17.1163,1.0698,2399.0667,2017
133,pi-rayid,119,2119.12,7,10.5294,0.8151,2158.8342,2017
134,pi-yangili1,259,2000.13,1,7.2317,6.6834,1998.9492,2017
135,pi-gskarczm,291,1469.91,2,1.6186,1.0206,445.4044,2017
136,pi-tten,81,1464.08,1,4.5926,1.0,1463.7967,2017
137,pi-kcharles,808,1440.35,1,10.6126,1.0,1436.5972,2017
138,pi-sgsg,1,1370.62,1,100.0,18.0,1370.6111,2017
139,mpcs56420,855,1361.39,11,14.8772,2.8737,1357.1667,2017
140,cmsc33520,318,1276.94,4,74.6667,5.0031,1275.6842,2017
141,pi-joet1,22845,1190.0,2,1.0015,1.0015,1078.8981,2017
142,pi-wilsonp,1165,1188.19,2,14.4395,0.9073,1185.2856,2017
143,pi-gnedin,57,1003.93,1,1619.2807,69.807,13438.3644,2017
144,pi-tokmakoff,1639,923.94,2,1.2532,1.0,924.6667,2017
145,pi-foster,122,865.39,4,57.5,6.2295,864.8797,2017
146,pi-jhuangime,84,859.54,2,3.6786,1.1429,275.2439,2017
147,pi-bermanm,108,763.8,3,6.7685,0.9444,770.6972,2017
148,pi-mnewvill,22,746.32,1,101.4545,5.9545,746.2481,2017
149,rcc-guest,693,704.8,45,6.974,1.3564,701.6397,2017
150,pi-awsch,420,695.96,1,8.2524,8.2524,694.6447,2017
151,pi-l332,45,687.27,1,18.0889,1.0,574.905,2017
152,pi-pchintag,88,597.25,3,6.3068,1.2614,445.9328,2017
153,pi-scicala,6,528.35,1,16.0,1.0,528.3378,2017
154,pi-rwevans,1019,498.86,3,5.6889,1.2395,527.3831,2017
155,pi-gkaplan,311,480.17,3,2.5756,1.3505,459.4533,2017
156,pi-wulongtao,179,462.37,1,6.486000000000001,1.1173,461.5397,2017
157,pi-abinkowski,220,378.41,1,11.9727,1.4727,377.0344,2017
158,rcc-temp2,69,310.68,2,28.9855,1.8116,310.3244,2017
159,pi-ahigh,38,297.99,2,8.0789,0.8158,297.8244,2017
160,pi-drubin8,144,297.36,3,1.5972,1.4931,223.0411,2017
161,pi-hsiehchangtai,72,283.54,1,10.5139,0.9722,283.2694,2017
162,pi-glk,9866,283.29,2,1.0,1.0,218.9131,2017
163,pi-kelloggr,270,277.94,1,1.2111,0.9444,266.0939,2017
164,geos33300,80,274.85,4,36.4375,2.6875,274.4953,2017
165,pi-btian,42,263.09,2,14.9286,1.0,263.0756,2017
166,pi-mrsharma,71,213.19,1,1.2113,1.0141,185.8556,2017
167,pi-wbwu,60,193.1,1,15.4667,0.9667,193.5956,2017
168,pi-jsolway,625,192.63,1,1.0,1.0,189.6247,2017
169,pi-dbrentari,2,191.09,1,100.0,7.5,191.0833,2017
170,pi-hdew,31,185.61,2,11.1935,1.9032,185.4544,2017
171,bngsda,78,183.52,17,1.0,1.0,183.1203,2017
172,pi-rrock,316,142.99,3,6.8513,1.2848,141.4867,2017
173,pi-mkolar,45,124.79,2,1.0,1.0,124.5578,2017
174,ling21720,114,122.63,13,1.1316,1.0,122.0586,2017
175,pi-hfrisch,39,115.96,1,2.1538,1.0,115.7475,2017
176,pi-egrove,47,105.77,1,1.766,1.766,105.4639,2017
177,pi-yaliamit,11,96.31,2,3.4545,1.0,96.2642,2017
178,pi-caprioli,15,87.73,1,1.6,1.0,87.6569,2017
179,pi-mcoates,7,79.81,1,48.8571,7.7143,79.7839,2017
180,pi-pjlarivi,13,76.29,2,7.7692,1.2308,76.2536,2017
181,pi-seifahrt,48,68.42,1,34.3333,2.0833,68.2089,2017
182,pi-mhereld,177,60.68,2,15.9153,1.0,59.9383,2017
183,pi-adrobyshevsky,101,44.61,1,20.3762,1.4158,40.3933,2017
184,pi-dis,728,40.55,6,1.4533,1.0206,35.4742,2017
185,pi-kettimut,5,36.95,3,10.0,1.0,36.9358,2017
186,rcc-instructor,24,35.8,2,15.25,1.2917,35.6758,2017
187,pi-bata,107,34.41,2,3.2523,0.9533,35.0558,2017
188,pi-jfrieman,21,26.27,1,3.1905,0.3333,26.6147,2017
189,pi-jdube,22,18.71,1,6.7273,6.7273,18.6117,2017
190,pi-sarice,84,14.66,1,5.1429,0.5357,18.8942,2017
191,pi-cacioppos,13,12.54,1,3.9231,2.6923,12.4778,2017
192,pi-pricet,14,9.06,2,5.5,1.2143,9.0031,2017
193,pi-tuecke,33,8.93,1,3.8182,1.1212,8.7753,2017
194,pi-rhuang1,6,7.05,2,1.0,1.0,7.0206,2017
195,pi-dgallo,11,6.7,1,1.0,1.0,6.6553,2017
196,pi-vprince,20,6.41,2,21.25,1.0,6.33,2017
197,pi-mhale,3,5.94,1,1.0,1.0,5.9231,2017
198,pi-mlong,49,4.36,1,1.0,1.0,4.1381,2017
199,pi-lorettaau,2,4.28,1,1.0,1.0,4.2742,2017
200,pi-richardjeanso,3,3.45,1,1.0,1.0,3.4342,2017
201,pi-avoena,3,3.07,2,1.0,1.0,3.055,2017
202,pi-qitiguo,16,2.76,1,1.0,1.0,2.7283,2017
203,pi-malegre,2,2.45,1,1.0,1.0,2.4347,2017
204,economgame,2,2.12,1,1.0,1.0,2.1097,2017
205,finm32950,6,1.89,5,1.0,1.0,1.8489,2017
206,pi-emunro,3,1.85,1,1.0,1.0,1.8428,2017
207,pi-abney,4,1.1,1,1.0,1.0,1.07,2017
208,pi-mrust,3,0.84,1,11.0,1.3333,1.1025,2017
209,pi-onibasu,5,0.55,1,0.4,0.4,0.5458,2017
210,pi-jwal,2,0.38,1,1.0,1.0,0.2919,2017
211,pi-anselin,1,0.29,1,1.0,1.0,0.2806,2017
212,pi-jagoldsm,3,0.26,1,1.0,1.0,0.2556,2017
213,pi-candogan,1,0.23,1,1.0,1.0,0.2228,2017
214,pi-arielfeldman,9,0.19,1,21.6667,1.6667,0.155,2017
215,pi-dkutasov,14,0.15,1,0.5,0.5,1.9508,2017
216,pi-blase,4,0.08,1,1.0,1.0,0.0583,2017
217,pi-kavibhalla,20,0.06,1,3.3,0.6,0.0481,2017
218,pi-liantaow,3,0.06,2,22.0,2.0,0.0394,2017
219,pi-baderk,1,0.05,1,1.0,1.0,0.0458,2017
220,pi-fcattane,3,0.04,1,1.0,1.0,0.0169,2017
221,pi-jhr,1,0.01,1,1.0,1.0,0.0008,2017
222,pi-ehurst,1,0.0,1,1.0,0.0,0.0,2017
223,pi-fabrycky,1,0.0,1,1.0,1.0,0.0,2017
224,pi-rstevens,52,0.0,1,0.0,0.0,0.0,2017
0,legacy,196702,6858373.75,24,11.2931,1.1521,5379136.2308,2018
1,pi-depablo,22339,3647632.25,28,25.3279,1.5012,3167726.4825,2018
2,pi-gavoth,12332,3133855.81,28,50.54600000000001,2.8039,2809680.9072,2018
3,pi-gagalli,3458,3064556.23,16,285.6342,11.3103,2364255.2608,2018
4,pi-ishanu,204724,2649028.88,9,23.7271,1.0269,2018648.9619,2018
5,pi-dachxiu,156166,2334717.06,11,5.1442,1.0017,1371395.3667,2018
6,pi-dinner,142759,2300718.15,18,5.3461,1.0132,1747709.0528,2018
7,pi-roux,5219,2034366.87,14,47.5758,2.3206,1617424.2631,2018
8,pi-arzhetsky,6320,1738744.34,9,6.0981,1.0229,369816.5461,2018
9,pi-weare,24392,1530347.98,5,12.614,1.2612,1145658.7764,2018
10,pi-vmbertho,370,1453876.57,1,633.6,39.6811,1453876.5778,2018
11,pi-priviter,44714,1379441.54,5,10.4113,1.2507,1032046.0589,2018
12,pi-freed,917,1282406.54,7,256.7721,9.6892,990617.4689,2018
13,pi-mstephens,126754,1204793.23,17,3.6299,1.0055,414645.5053,2018
14,pi-kite,2823,1017431.66,6,40.2671,3.1938,869032.9631,2018
15,pi-whu5,8794,918980.09,6,19.2797,1.2265,918509.5111,2018
16,pi-taddy,10669,913111.83,5,27.4392,1.9571,538833.7619,2018
17,pi-mengjiechen,15258,821176.9,1,1.0,1.0,34115.7897,2018
18,pi-yanjingl,3266,810375.47,2,19.8031,1.8739,538863.5939,2018
19,pi-gnedin,368,713689.86,2,166.3832,10.5163,713689.5106,2018
20,pi-rkessler,510786,685433.39,16,2.0454,1.0294,673330.9094,2018
21,pi-mfj,734,672033.74,5,188.3038,6.7357,516950.1778,2018
22,pi-gdwyer,8901,650378.74,7,3.174,1.0017,347335.7025,2018
23,pi-sdodelso,1969,594728.96,4,35.5642,2.2275,594727.4411,2018
24,pi-lgrandi,125033,526166.85,38,3.4655,1.0581,277976.9717,2018
25,pi-svaikunt,16616,521097.75,4,4.3811,1.0004,441972.3808,2018
26,pi-gilad,294134,513781.66,15,1.7825,1.0085,144433.2311,2018
27,pi-trsosnic,17729,497683.96,8,3.0796,1.0397,397621.6408,2018
28,pi-khanna7,238,492038.67,4,311.8319,11.6261,378328.5078,2018
29,pi-abbot,39265,484179.46,4,36.5199,2.7064,369906.3994,2018
30,pi-jlskinner,75324,470902.2,4,1.4394,1.0,404537.8928,2018
31,pi-avieregg,27625,459660.51,5,5.4262,1.0,333313.8933,2018
32,pi-cobey,73189,441151.26,6,1.0809,1.0,96891.5214,2018
33,pi-ghitsch,46704,438038.93,1,16.6515,1.0,273811.9586,2018
34,pi-hortacsu,9445,415036.95,6,9.134,1.6596,289246.7283,2018
35,pi-kravtsov,1405,375440.63,8,33.1032,2.1345,329096.0042,2018
36,pi-xinhe,272787,360655.69,11,3.0716,1.0061,82987.6561,2018
37,pi-amurugan,11932,358249.8,5,5.222,1.2541,339797.3956,2018
38,pi-pascualmm,39816,287272.99,7,2.0139,1.0,73347.9867,2018
39,pi-nfschere,374,264599.36,2,76.9626,5.1096,264599.3956,2018
40,pi-moyer,748,259983.21,7,26.0709,1.7513,197002.9825,2018
41,pi-ejadams,841,249158.2,1,129.8644,5.1379,193746.2133,2018
42,pi-levin,12683,246714.32,3,45.2044,4.2575,131107.3931,2018
43,pi-nnn,646,243032.92,1,48.8297,1.8885,187038.3706,2018
44,pi-srnagel,20989,225345.87,2,1.0441,1.0003,44135.2192,2018
45,pi-berkelbach,32288,203548.28,9,1.8755,1.0097,108474.8706,2018
46,pi-jdingel,23983,199204.65,4,15.6121,1.0029,140637.4333,2018
47,pi-wenbinlin,2462,197973.51,1,13.3875,1.0,187942.96,2018
48,bphs35001,1326,197456.88,6,57.6259,3.6335,195127.9036,2018
49,pi-aaz,273,189811.86,2,52.315,1.8864,146009.3744,2018
50,pi-vavra,36262,169134.66,1,12.7837,1.0,112779.4803,2018
51,pi-jheckman,1578,168903.59,1,22.1812,1.3802,148252.6436,2018
52,rcc-staff,42832,143838.21,18,3.2275,1.0773,112249.5439,2018
53,pi-yangili1,146509,138848.15,7,1.5521,1.1382,45646.7386,2018
54,bios10603,821,131895.22,33,111.49700000000001,4.067,101612.0239,2018
55,pi-rtsay,4,126511.41,1,28.0,1.0,97316.4656,2018
56,pi-jozik,334,122521.48,4,130.1078,8.6647,84050.7136,2018
57,pi-jsolway,4565,106213.5,1,1.0366,1.0015,3879.8203,2018
58,pi-jaeger,221,96314.79,4,42.7285,3.0362,96292.2381,2018
59,pi-foster,9492,91686.51,3,13.5304,1.0,91687.0408,2018
60,pi-risi,817,87750.42,4,16.0135,1.0,77382.4539,2018
61,msca,1301,82640.71,58,73.093,3.2898,53310.0117,2018
62,pi-caprioli,13568,79887.67,2,531.0416,19.0016,61462.15,2018
63,pi-weberm,10997,77200.24,2,6.7352,1.0,14473.7508,2018
64,pi-gkaplan,775,62873.77,3,34.0748,1.4232,47995.4575,2018
65,pi-neiman,4766,60682.71,3,7.4368,1.0006,22342.0372,2018
66,pi-tas1,358,60353.9,9,57.2458,3.8883,59475.1381,2018
67,pi-jnovembre,3847,55023.56,13,47.1284,2.3119,35935.5439,2018
68,pi-stin,915,53394.89,2,18.5082,1.3486,41731.4281,2018
69,pi-oto,67,50503.77,1,483.7015,17.403,38849.1253,2018
70,pi-dholz,4407,48511.12,3,26.2696,1.0272,38728.2675,2018
71,pi-mkolar,6769,47514.35,3,30.3967,2.5793,35939.1453,2018
72,pi-littlewood,1384,47413.47,1,31.9422,2.7695,38677.4881,2018
73,pi-awh,2255,47170.15,5,7.0226,1.0399,24651.7486,2018
74,pi-mrust,127,46423.67,1,17.9213,1.0157,43784.1689,2018
75,pi-jrussell,7591,46407.11,1,2.0374,1.0,31831.6108,2018
76,pi-tintelnot,1408,45885.47,4,12.6186,1.0,36197.8783,2018
77,pi-lhansen,6110,36191.5,1,9.4861,1.0682,27811.0117,2018
78,pi-nicho,99,33413.47,1,34.5051,2.2121,27215.6539,2018
79,pi-baderk,2779,32510.12,3,15.9975,1.0241,31770.4569,2018
80,pi-tten,94,27797.34,1,7.234,1.0,23315.5444,2018
81,pi-jingyifei,2696,26275.72,2,6.4254,1.2967,25465.6397,2018
82,pi-burhan,490,26083.87,1,1.0,1.0,2945.0903,2018
83,bios26120,314,23760.18,20,24.7389,1.2548,17216.9536,2018
84,pi-chuanhe,691,23575.78,1,19.1302,1.0724,11439.5139,2018
85,pi-skeedy,178,23038.95,4,37.9045,3.1573,22474.7731,2018
86,pi-aachien,492,21628.94,3,150.6098,11.5427,11836.7239,2018
87,msca32017,551,21311.82,21,83.7314,3.0907,16393.7611,2018
88,cmsc25025,1196,21084.55,61,12.3462,1.1388,17484.5572,2018
89,pi-rwg,51145,21031.09,4,1.0018,1.0018,20654.5808,2018
90,pi-scicala,33,20810.48,1,25.7273,1.0,16148.1278,2018
91,bios10602,2177,20678.35,36,7.202999999999999,1.0845,16035.1383,2018
92,pi-jwal,90,18731.88,1,51.6222,3.2667,17440.3706,2018
93,pi-sepalmer,188,16577.44,5,16.8457,1.0,15650.5497,2018
94,pi-gconstan,134,16400.13,1,42.6269,1.9328,12627.5367,2018
95,macs60000,1105,16323.85,33,3.7801,1.1231,10237.3142,2018
96,pi-dis,13053,15803.76,3,17.3549,1.1266,14772.0894,2018
97,pi-kazutaka,123,14493.05,2,25.0732,1.0,14007.5122,2018
98,pi-berge,205,11958.52,1,25.0683,22.9415,1030.1683,2018
99,pi-jhuangime,155,11834.84,1,7.8774,2.5161,1242.7031,2018
100,pi-mlcoleman,4063,11798.56,6,2.2766,1.0,11528.5797,2018
101,pi-bursztyn,286,9820.21,1,25.549,1.4301,7553.9942,2018
102,pi-rossc,12384,9664.79,5,4.4395,1.249,5712.7858,2018
103,pi-drowley,9,8825.48,1,32.0,4.0,8558.0267,2018
104,meng32000,1168,8585.08,25,21.7021,1.262,7300.2808,2018
105,pi-larogers,86,7966.34,2,16.3488,1.6977,7932.1889,2018
106,pi-jand312,136,6317.76,1,17.0662,1.0,3437.9828,2018
107,pi-sliman,28,6104.28,2,24.5714,1.3571,4698.5069,2018
108,pi-hema,155,5536.75,1,17.7742,1.0581,5371.4936,2018
109,pi-jstubbs1,233,5379.28,1,64.0,5.1545,5379.2889,2018
110,pi-melamed,85,4953.01,1,2.1059,1.1412,532.9469,2018
111,pi-onibasu,867,4064.85,4,1.6597,1.0554,985.5986,2018
112,pi-joet1,2253,4003.95,3,2.9374,1.0067,3567.9994,2018
113,pi-tcovert,96,3986.07,3,12.7708,1.0417,2932.5725,2018
114,pi-bata,287,3880.77,2,20.4321,1.9199,2959.4536,2018
115,pi-ahigh,157,3671.82,1,48.6879,1.7389,2824.4456,2018
116,pi-bermanm,336,3558.82,5,4.7857,1.0119,3557.9869,2018
117,pi-stuartrowan,26,3473.66,1,16.0,1.0,3473.6844,2018
118,pi-gskarczm,36,3405.56,2,2.1667,1.4722,363.6672,2018
119,pi-anitescu,13,3318.38,2,26.3077,1.2308,2552.6006,2018
120,pi-blattman,43,3236.99,1,62.5349,3.9302,1853.0564,2018
121,pi-prhahn,6559,3135.81,1,3.5149,1.0,2412.0956,2018
122,pi-gardel,80,3049.59,1,16.9375,1.0,2419.9008,2018
123,pi-ckao95,9141,2909.51,2,1.0,1.0,2908.1892,2018
124,pi-jaredlewis,49,2589.35,3,11.4082,1.0,1909.7547,2018
125,pi-ftchong,480,2299.52,2,1.0563,1.0,93.5772,2018
126,pi-wilsonp,887,2234.42,2,15.628,1.0,2234.7044,2018
127,pi-aesserkahn,96,2173.81,4,10.2188,1.0,1707.2083,2018
128,pi-drubin8,202,2031.96,5,1.703,1.3317,414.0194,2018
129,pi-simonjon,9,1901.44,1,13.5556,5.1111,577.1694,2018
130,pi-haky,1554,1893.87,4,1.0045,1.0,365.9092,2018
131,pi-bkeenan,53,1823.08,1,3.8302,1.0,1812.0753,2018
132,pi-rcaldentey,682,1786.52,1,1.5821,1.1613,669.8119,2018
133,pi-l332,1135,1688.33,3,1.9753,1.0881,1366.6006,2018
134,pi-wulongtao,318,1682.75,1,7.7642,1.0126,750.6686,2018
135,pi-mrsharma,78,1675.27,1,1.0,1.0,323.4131,2018
136,pi-sgsg,19,1627.19,2,20.0526,1.6842,1603.5472,2018
137,pi-pchintag,22,1441.28,1,42.9091,2.7727,1441.28,2018
138,pi-jagoldsm,88,1318.73,2,60.8864,2.9773,1014.3944,2018
139,pi-awsch,610,1311.03,3,7.3377,7.3377,1311.0003,2018
140,pi-nissa1,17,1301.56,1,8.0,1.0,1001.2044,2018
141,pi-ravenben,207,1296.09,1,1.7391,1.0,746.7625,2018
142,pi-hdew,308,1191.67,2,7.2045,1.3734,1191.6733,2018
143,pi-rjlalond,69,1176.39,2,8.7536,1.0145,879.3081,2018
144,pi-kavibhalla,1072,1130.76,2,1.5905,1.0616,987.33,2018
145,pi-adrobyshevsky,45,1129.76,1,40.3111,1.2,892.3919,2018
146,astr33000,62,1026.31,5,16.3548,1.1129,801.0511,2018
147,mpcs51087,1160,976.59,13,38.9603,2.4612,973.9172,2018
148,mpcs56420,1322,876.13,7,10.5696,1.4947,825.1931,2018
149,pi-wilde,129,875.14,3,9.5349,1.031,875.2122,2018
150,pi-adirienz,535,846.72,1,1.0,1.0,126.0761,2018
151,pi-lekheng,144,831.44,1,19.6806,2.5139,827.9617,2018
152,pi-jstaley,143,800.5,1,3.8182,1.0,167.8606,2018
153,pi-rtp1,252,793.51,1,2.0516,1.0317,789.8925,2018
154,pi-xisong,16,669.96,3,12.375,1.125,656.1436,2018
155,pi-gilbertjack,99,648.08,4,2.2525,1.0101,128.0347,2018
156,pi-yaliamit,31,603.36,2,24.6129,1.0,468.4883,2018
157,pi-uakcigit,34,584.27,1,27.0882,1.0,449.4406,2018
158,pi-scrosson,13,535.54,1,4.1538,1.0,63.6933,2018
159,pi-rrock,252,470.98,2,10.7063,1.5595,422.7056,2018
160,pi-ptoulis,16,459.5,2,6.875,1.25,363.4639,2018
161,rcc-guest,57,455.12,19,11.9123,1.1228,325.5256,2018
162,pi-rayid,123,451.49,3,5.4472,1.0732,390.6178,2018
163,mapss-econ,25,365.79,1,1.0,1.0,281.3742,2018
164,pi-hsiehchangtai,26,347.97,1,29.3462,5.0385,262.2211,2018
165,ppha30531,47,285.52,20,2.2766,1.0,231.1425,2018
166,pi-vprince,641,281.3,3,2.3666,1.0,214.4553,2018
167,pi-kelloggr,445,268.73,2,1.0921,1.0067,268.6272,2018
168,pi-nealey,19,223.57,2,20.2632,1.0,186.3869,2018
169,pi-fritziea,14,172.93,1,1.0,1.0,22.4233,2018
170,pi-glk,4828,156.63,3,1.028,1.0,140.4006,2018
171,pi-btian,4256,150.74,2,1.0073,1.0002,126.5392,2018
172,pi-emunro,27,109.85,1,15.4444,1.037,109.8472,2018
173,bios10130,20,90.72,1,2.35,1.0,40.8325,2018
174,stat37820,87,90.51,11,2.5287,1.0115,84.9578,2018
175,pi-anselin,155,81.99,2,8.0194,1.5548,36.2342,2018
176,pi-mlong,65,68.2,1,1.0,1.0,68.2486,2018
177,chem26800,464,45.12,10,1.194,1.0108,25.6747,2018
178,pi-jfrieman,16,42.96,1,10.375,1.0,40.9667,2018
179,pi-hickmanbr,7,42.76,1,32.4286,5.5714,20.2636,2018
180,pi-sraudenb,13,42.49,1,1.0,1.0,42.4928,2018
181,pi-fabrycky,11,38.99,2,1.0,1.0,38.9972,2018
182,pi-hfrisch,3,38.49,1,16.0,1.0,38.4933,2018
183,pi-lamadon,12,31.98,1,1.0,1.0,14.7414,2018
184,pi-tuecke,53,28.68,1,1.0,1.0,28.6519,2018
185,pi-manishap,7,28.03,1,1.0,1.0,28.03,2018
186,pi-hoytlong,310,22.71,1,1.0,1.0,4.66,2018
187,pi-pjlarivi,23,17.15,4,12.1739,1.3043,16.8875,2018
188,pi-mhereld,71,11.89,1,14.0986,1.0,11.5639,2018
189,pi-pricet,22,9.89,2,7.1364,1.0,8.8958,2018
190,pi-abinkowski,79,7.47,2,6.2911,1.1646,7.6072,2018
191,pi-qitiguo,10,6.04,1,1.0,1.0,6.0392,2018
192,macs30200,3,5.21,1,6.0,1.0,4.57,2018
193,pi-bpopko,7,4.25,1,1.0,1.0,3.2839,2018
194,pi-tzeferacos,12,3.14,1,1.0,1.0,3.1339,2018
195,pi-jevans,5,3.12,2,1.0,1.0,2.1422,2018
196,pi-joshuaelliott,2,2.58,1,1.0,1.0,2.5836,2018
197,pi-sarice,17,2.46,1,14.5882,1.0,2.4733,2018
198,pi-wtang,1,2.17,1,1.0,1.0,0.7239,2018
199,pi-xczhang,7,2.02,1,1.5714,1.0,0.6344,2018
200,pi-anants,1,2.0,1,1.0,1.0,2.0039,2018
201,pi-nchevrier,125,1.56,2,1.104,1.0,0.9586,2018
202,pi-gb11,2,0.79,1,1.0,1.0,0.7958,2018
203,pi-fcattane,6,0.75,1,1.0,1.0,0.6681,2018
204,pi-aruthenburg,40,0.72,1,1.0,1.0,0.2489,2018
205,pi-mlzhao,4,0.36,2,1.0,1.0,0.36,2018
206,pi-tays,44,0.28,1,1.6136,1.0,0.2553,2018
207,hgen47100,8,0.2,1,28.0,1.0,0.1556,2018
208,pi-junchenj,4,0.03,1,4.75,1.0,0.0311,2018
209,pi-tokmakoff,1,0.02,1,2.0,1.0,0.0072,2018
210,pi-sokolov,1,0.0,1,1.0,1.0,0.0028,2018
211,pi-dbrentari,1,0.0,1,1.0,1.0,0.0003,2018
212,pi-eperozo,1,0.0,1,1.0,1.0,0.0003,2018
213,mxcheng,2,0.0,1,1.0,1.0,0.0,2018
